,C,D,L,uid,social_norm,t,c,r,sigma,n,N,epsilon1,epsilon2,omega,p,zeta,_destination_path,alpha,beta
0,0.0,0.0,1.0,1.0,Defector,200000,0.0,3,1,5,100,0.1,1.0,0.9090909090909091,2,0.1,,,
1,0.0,0.0,1.0,2.0,Loner,200000,0.0,3,1,5,100,0.1,1.0,0.9090909090909091,2,0.1,,,
2,0.0,0.0,1.0,3.0,Neither,200000,0.0,3,1,5,100,0.1,1.0,0.9090909090909091,2,0.1,,,
3,0.0,0.0,1.0,4.0,Both,200000,0.0,3,1,5,100,0.1,1.0,0.9090909090909091,2,0.1,,,
4,0.0028988429489999997,9.794509e-06,0.9970746570000002,5.0,Defector,200000,0.5,3,1,5,100,0.1,1.0,0.9090909090909091,2,0.1,,,
5,0.0005889772470000001,3.6291878000000004e-05,0.999370697,6.0,Loner,200000,0.5,3,1,5,100,0.1,1.0,0.9090909090909091,2,0.1,,,
6,0.003198671785000001,1.011907e-05,0.996772096,7.0,Neither,200000,0.5,3,1,5,100,0.1,1.0,0.9090909090909091,2,0.1,,,
7,0.0006693609259999999,3.3394568e-05,0.9992928449999999,8.0,Both,200000,0.5,3,1,5,100,0.1,1.0,0.9090909090909091,2,0.1,,,
8,0.159030399127,0.080987986119,0.759972656402,9.0,Defector,200000,1.0,3,1,5,100,0.1,1.0,0.9090909090909091,2,0.1,,,
9,0.090427227114,0.060612429752,0.848952946556,10.0,Loner,200000,1.0,3,1,5,100,0.1,1.0,0.9090909090909091,2,0.1,,,
10,0.11553219984900001,0.0879087052264,0.7965449776110001,11.0,Neither,200000,1.0,3,1,5,100,0.1,1.0,0.9090909090909091,2,0.1,,,
11,0.044934663585,0.024288971002400003,0.9307719040510002,12.0,Both,200000,1.0,3,1,5,100,0.1,1.0,0.9090909090909091,2,0.1,,,
12,0.14164467149699997,0.118498051657,0.7398502555590001,13.0,Defector,200000,1.5,3,1,5,100,0.1,1.0,0.9090909090909091,2,0.1,,,
13,0.08126347557500001,0.09694608937799999,0.82178356732,14.0,Loner,200000,1.5,3,1,5,100,0.1,1.0,0.9090909090909091,2,0.1,,,
14,0.10756923143499997,0.09753846446650001,0.794878789791,15.0,Neither,200000,1.5,3,1,5,100,0.1,1.0,0.9090909090909091,2,0.1,,,
15,0.03590680798,0.0408376143096,0.923252160989,16.0,Both,200000,1.5,3,1,5,100,0.1,1.0,0.9090909090909091,2,0.1,,,
16,0.16730063535499998,0.18117781967399998,0.651509042206,17.0,Defector,200000,2.0,3,1,5,100,0.1,1.0,0.9090909090909091,2,0.1,,,
17,0.12824036227900001,0.172973810735,0.6987691651129999,18.0,Loner,200000,2.0,3,1,5,100,0.1,1.0,0.9090909090909091,2,0.1,,,
18,0.161743396458,0.15742231683599997,0.6808130550799999,19.0,Neither,200000,2.0,3,1,5,100,0.1,1.0,0.9090909090909091,2,0.1,,,
19,0.042378764709,0.06106033747199998,0.8965438152400002,20.0,Both,200000,2.0,3,1,5,100,0.1,1.0,0.9090909090909091,2,0.1,,,
20,0.16450773381700004,0.233146694003,0.602333589087,21.0,Defector,200000,2.5,3,1,5,100,0.1,1.0,0.9090909090909091,2,0.1,,,
21,0.12244237855399999,0.20113301036499998,0.67640773645,22.0,Loner,200000,2.5,3,1,5,100,0.1,1.0,0.9090909090909091,2,0.1,,,
22,0.14754074894000002,0.17217737912799996,0.680260441098,23.0,Neither,200000,2.5,3,1,5,100,0.1,1.0,0.9090909090909091,2,0.1,,,
23,0.040775998519999995,0.07119598541600002,0.88800692744,24.0,Both,200000,2.5,3,1,5,100,0.1,1.0,0.9090909090909091,2,0.1,,,
24,0.15588034324699998,0.24555605928470003,0.598551078796,25.0,Defector,200000,3.0,3,1,5,100,0.1,1.0,0.9090909090909091,2,0.1,,,
25,0.13339928785400004,0.20975981366299998,0.656823946014,26.0,Loner,200000,3.0,3,1,5,100,0.1,1.0,0.9090909090909091,2,0.1,,,
26,0.143470320176,0.17849471283999999,0.678014981336,27.0,Neither,200000,3.0,3,1,5,100,0.1,1.0,0.9090909090909091,2,0.1,,,
27,0.051171008367,0.08695022179300001,0.8618558229530001,28.0,Both,200000,3.0,3,1,5,100,0.1,1.0,0.9090909090909091,2,0.1,,,
28,0.0,0.0,1.0,45.0,Defector,200000,0.0,3,1,5,100,0.1,1.0,0.9090909090909091,2,0.1,,,
29,0.0,0.0,1.0,46.0,Loner,200000,0.0,3,1,5,100,0.1,1.0,0.9090909090909091,2,0.1,,,
30,0.0,0.0,1.0,47.0,Neither,200000,0.0,3,1,5,100,0.1,1.0,0.9090909090909091,2,0.1,,,
31,0.0,0.0,1.0,48.0,Both,200000,0.0,3,1,5,100,0.1,1.0,0.9090909090909091,2,0.1,,,
32,0.0029155277619999998,9.475695999999999e-06,0.9970572030000001,49.0,Defector,200000,0.5,3,1,5,100,0.1,1.0,0.9090909090909091,2,0.1,,,
33,0.000649358484,3.4368711000000005e-05,0.9993119600000001,50.0,Loner,200000,0.5,3,1,5,100,0.1,1.0,0.9090909090909091,2,0.1,,,
34,0.0030131769319999995,8.723481e-06,0.996960481,51.0,Neither,200000,0.5,3,1,5,100,0.1,1.0,0.9090909090909091,2,0.1,,,
35,0.0006580825189999999,3.5148303e-05,0.9993024959999998,52.0,Both,200000,0.5,3,1,5,100,0.1,1.0,0.9090909090909091,2,0.1,,,
36,0.145524672512,0.079068255017,0.7753986770280001,53.0,Defector,200000,1.0,3,1,5,100,0.1,1.0,0.9090909090909091,2,0.1,,,
37,0.084446496491,0.061175041255,0.854371087859,54.0,Loner,200000,1.0,3,1,5,100,0.1,1.0,0.9090909090909091,2,0.1,,,
38,0.12510080466100001,0.08766003444099998,0.78722561671,55.0,Neither,200000,1.0,3,1,5,100,0.1,1.0,0.9090909090909091,2,0.1,,,
39,0.041453580654000004,0.021531864279,0.9370104637459998,56.0,Both,200000,1.0,3,1,5,100,0.1,1.0,0.9090909090909091,2,0.1,,,
40,0.13078625123,0.121465014565,0.747742177615,57.0,Defector,200000,1.5,3,1,5,100,0.1,1.0,0.9090909090909091,2,0.1,,,
41,0.08518279007800002,0.10305417330300001,0.8117563794779998,58.0,Loner,200000,1.5,3,1,5,100,0.1,1.0,0.9090909090909091,2,0.1,,,
42,0.11503615528800001,0.10580554190399999,0.7791446796360001,59.0,Neither,200000,1.5,3,1,5,100,0.1,1.0,0.9090909090909091,2,0.1,,,
43,0.032333753772,0.03835004354,0.929313265187,60.0,Both,200000,1.5,3,1,5,100,0.1,1.0,0.9090909090909091,2,0.1,,,
44,0.17840006692199997,0.19137152390759998,0.630217213035,61.0,Defector,200000,2.0,3,1,5,100,0.1,1.0,0.9090909090909091,2,0.1,,,
45,0.128288169335,0.17124719625400003,0.7004491417259999,62.0,Loner,200000,2.0,3,1,5,100,0.1,1.0,0.9090909090909091,2,0.1,,,
46,0.16260199210790002,0.1533789536759,0.683998138494,63.0,Neither,200000,2.0,3,1,5,100,0.1,1.0,0.9090909090909091,2,0.1,,,
47,0.050751210733,0.06865133031000001,0.8805795102650001,64.0,Both,200000,2.0,3,1,5,100,0.1,1.0,0.9090909090909091,2,0.1,,,
48,0.153794079873,0.22142498004199998,0.6247699542890001,65.0,Defector,200000,2.5,3,1,5,100,0.1,1.0,0.9090909090909091,2,0.1,,,
49,0.12688028489,0.194671922262,0.6784317938169998,66.0,Loner,200000,2.5,3,1,5,100,0.1,1.0,0.9090909090909091,2,0.1,,,
50,0.15308654203,0.16797624373400002,0.6789160548850001,67.0,Neither,200000,2.5,3,1,5,100,0.1,1.0,0.9090909090909091,2,0.1,,,
51,0.0437095249547,0.0784714351627,0.87779848864,68.0,Both,200000,2.5,3,1,5,100,0.1,1.0,0.9090909090909091,2,0.1,,,
52,0.147657709696,0.262745133488,0.589585728484,69.0,Defector,200000,3.0,3,1,5,100,0.1,1.0,0.9090909090909091,2,0.1,,,
53,0.12318604707799999,0.19921176085,0.677586739188,70.0,Loner,200000,3.0,3,1,5,100,0.1,1.0,0.9090909090909091,2,0.1,,,
54,0.041973854080999996,0.077555997673,0.880446955282,72.0,Both,200000,3.0,3,1,5,100,0.1,1.0,0.9090909090909091,2,0.1,,,
55,0.14511011876000002,0.189229578724,0.665640744496,75.0,Neither,200000,3.5,3,1,5,100,0.1,1.0,0.9090909090909091,2,0.1,,,
56,0.04754900422600001,0.08417974779199999,0.86824668285,76.0,Both,200000,3.5,3,1,5,100,0.1,1.0,0.9090909090909091,2,0.1,,,
57,0.0,0.0,1.0,89.0,Defector,200000,0.0,3,1,5,100,0.1,1.0,0.9090909090909091,2,0.1,,,
58,0.0,0.0,1.0,90.0,Loner,200000,0.0,3,1,5,100,0.1,1.0,0.9090909090909091,2,0.1,,,
59,0.0,0.0,1.0,91.0,Neither,200000,0.0,3,1,5,100,0.1,1.0,0.9090909090909091,2,0.1,,,
60,0.0,0.0,1.0,92.0,Both,200000,0.0,3,1,5,100,0.1,1.0,0.9090909090909091,2,0.1,,,
61,0.002941754592,1.0412761e-05,0.9970296919999999,93.0,Defector,200000,0.5,3,1,5,100,0.1,1.0,0.9090909090909091,2,0.1,,,
62,0.0006259358050000001,3.6285868e-05,0.999333224,94.0,Loner,200000,0.5,3,1,5,100,0.1,1.0,0.9090909090909091,2,0.1,,,
63,0.0028921852239999998,9.328565e-06,0.9970808579999999,95.0,Neither,200000,0.5,3,1,5,100,0.1,1.0,0.9090909090909091,2,0.1,,,
64,0.0006442068230000001,3.3585864e-05,0.9993179050000001,96.0,Both,200000,0.5,3,1,5,100,0.1,1.0,0.9090909090909091,2,0.1,,,
65,0.153391846,0.0798315797272,0.7667678898739999,97.0,Defector,200000,1.0,3,1,5,100,0.1,1.0,0.9090909090909091,2,0.1,,,
66,0.084629297642,0.063082971957,0.852280050602,98.0,Loner,200000,1.0,3,1,5,100,0.1,1.0,0.9090909090909091,2,0.1,,,
67,0.12446168630650001,0.08689790884090001,0.7886261790729999,99.0,Neither,200000,1.0,3,1,5,100,0.1,1.0,0.9090909090909091,2,0.1,,,
68,0.041592725574000004,0.021929556107,0.9364728291770003,100.0,Both,200000,1.0,3,1,5,100,0.1,1.0,0.9090909090909091,2,0.1,,,
69,0.138963235834,0.109539072261,0.7514912367909999,101.0,Defector,200000,1.5,3,1,5,100,0.1,1.0,0.9090909090909091,2,0.1,,,
70,0.08488792839199998,0.09897582796100002,0.8161305840940001,102.0,Loner,200000,1.5,3,1,5,100,0.1,1.0,0.9090909090909091,2,0.1,,,
71,0.12096907762599998,0.1052171929756,0.7737985500119999,103.0,Neither,200000,1.5,3,1,5,100,0.1,1.0,0.9090909090909091,2,0.1,,,
72,0.035848284791999994,0.036938566767000004,0.927210391408,104.0,Both,200000,1.5,3,1,5,100,0.1,1.0,0.9090909090909091,2,0.1,,,
73,0.16773729663399997,0.183037666184,0.649214722844,105.0,Defector,200000,2.0,3,1,5,100,0.1,1.0,0.9090909090909091,2,0.1,,,
74,0.128274291567,0.17022444788599997,0.7014854496870001,106.0,Loner,200000,2.0,3,1,5,100,0.1,1.0,0.9090909090909091,2,0.1,,,
75,0.15997129779439997,0.1567811697239,0.6832263873730002,107.0,Neither,200000,2.0,3,1,5,100,0.1,1.0,0.9090909090909091,2,0.1,,,
76,0.05135217025000001,0.071452032414,0.8771778358100003,108.0,Both,200000,2.0,3,1,5,100,0.1,1.0,0.9090909090909091,2,0.1,,,
77,0.159018462274,0.219417238389,0.62155276637,109.0,Defector,200000,2.5,3,1,5,100,0.1,1.0,0.9090909090909091,2,0.1,,,
78,0.12647812022,0.18506748608,0.688437515746,110.0,Loner,200000,2.5,3,1,5,100,0.1,1.0,0.9090909090909091,2,0.1,,,
79,0.15706685682,0.174774758368,0.668136294077,111.0,Neither,200000,2.5,3,1,5,100,0.1,1.0,0.9090909090909091,2,0.1,,,
80,0.04675826152,0.078513159598,0.874708372849,112.0,Both,200000,2.5,3,1,5,100,0.1,1.0,0.9090909090909091,2,0.1,,,
81,0.168692907108,0.251658057252,0.579639196136,113.0,Defector,200000,3.0,3,1,5,100,0.1,1.0,0.9090909090909091,2,0.1,,,
82,0.13048939622800002,0.199303196524,0.670190617064,114.0,Loner,200000,3.0,3,1,5,100,0.1,1.0,0.9090909090909091,2,0.1,,,
83,0.1500429888956,0.18568626527499996,0.6642492328066001,115.0,Neither,200000,3.0,3,1,5,100,0.1,1.0,0.9090909090909091,2,0.1,,,
84,0.052816442008,0.08196666163500001,0.8651926510769997,116.0,Both,200000,3.0,3,1,5,100,0.1,1.0,0.9090909090909091,2,0.1,,,
85,0.048682761265,0.082577770969,0.8687132732190003,120.0,Both,200000,3.5,3,1,5,100,0.1,1.0,0.9090909090909091,2,0.1,,,
86,0.0,0.0,1.0,133.0,Defector,200000,0.0,3,1,5,100,0.1,1.0,0.9090909090909091,2,0.1,,,
87,0.0,0.0,1.0,134.0,Loner,200000,0.0,3,1,5,100,0.1,1.0,0.9090909090909091,2,0.1,,,
88,0.0,0.0,1.0,135.0,Neither,200000,0.0,3,1,5,100,0.1,1.0,0.9090909090909091,2,0.1,,,
89,0.0,0.0,1.0,136.0,Both,200000,0.0,3,1,5,100,0.1,1.0,0.9090909090909091,2,0.1,,,
90,0.0030146099130000004,9.243578999999998e-06,0.996958129,137.0,Defector,200000,0.5,3,1,5,100,0.1,1.0,0.9090909090909091,2,0.1,,,
91,0.000593358808,3.3192206999999996e-05,0.999369323,138.0,Loner,200000,0.5,3,1,5,100,0.1,1.0,0.9090909090909091,2,0.1,,,
92,0.003177042028,1.0152768999999999e-05,0.9967941749999998,139.0,Neither,200000,0.5,3,1,5,100,0.1,1.0,0.9090909090909091,2,0.1,,,
93,0.000652605331,3.2942607e-05,0.999310353,140.0,Both,200000,0.5,3,1,5,100,0.1,1.0,0.9090909090909091,2,0.1,,,
94,0.15501908052500002,0.08241756521399997,0.7625552416320001,141.0,Defector,200000,1.0,3,1,5,100,0.1,1.0,0.9090909090909091,2,0.1,,,
95,0.08303601377800002,0.05280453730700001,0.8641529442960002,142.0,Loner,200000,1.0,3,1,5,100,0.1,1.0,0.9090909090909091,2,0.1,,,
96,0.11427907717,0.0972708381776,0.7884357470613,143.0,Neither,200000,1.0,3,1,5,100,0.1,1.0,0.9090909090909091,2,0.1,,,
97,0.044755468783000005,0.023767214682000003,0.9314731899940001,144.0,Both,200000,1.0,3,1,5,100,0.1,1.0,0.9090909090909091,2,0.1,,,
98,0.13330159376099998,0.11452749215199999,0.752163731107,145.0,Defector,200000,1.5,3,1,5,100,0.1,1.0,0.9090909090909091,2,0.1,,,
99,0.08538210411700002,0.103248967466,0.811362701017,146.0,Loner,200000,1.5,3,1,5,100,0.1,1.0,0.9090909090909091,2,0.1,,,
100,0.10240764626900002,0.10308171148039999,0.7944972247269998,147.0,Neither,200000,1.5,3,1,5,100,0.1,1.0,0.9090909090909091,2,0.1,,,
101,0.033638696116,0.038388459053,0.9279694048089998,148.0,Both,200000,1.5,3,1,5,100,0.1,1.0,0.9090909090909091,2,0.1,,,
102,0.173335904997,0.18106334252700002,0.6455898245280001,149.0,Defector,200000,2.0,3,1,5,100,0.1,1.0,0.9090909090909091,2,0.1,,,
103,0.128949815025,0.16947081203500003,0.7015636068919999,150.0,Loner,200000,2.0,3,1,5,100,0.1,1.0,0.9090909090909091,2,0.1,,,
104,0.15292608616729997,0.15379768741189997,0.6932537705877,151.0,Neither,200000,2.0,3,1,5,100,0.1,1.0,0.9090909090909091,2,0.1,,,
105,0.04707006725900001,0.065460070365,0.887452283978,152.0,Both,200000,2.0,3,1,5,100,0.1,1.0,0.9090909090909091,2,0.1,,,
106,0.15877121976060002,0.22201726791159998,0.619200094471,153.0,Defector,200000,2.5,3,1,5,100,0.1,1.0,0.9090909090909091,2,0.1,,,
107,0.12487646815799996,0.193635853151,0.6814715144650001,154.0,Loner,200000,2.5,3,1,5,100,0.1,1.0,0.9090909090909091,2,0.1,,,
108,0.141858119601,0.17463186124240002,0.6834876383859999,155.0,Neither,200000,2.5,3,1,5,100,0.1,1.0,0.9090909090909091,2,0.1,,,
109,0.04358344570099999,0.065697644291,0.8906975101430001,156.0,Both,200000,2.5,3,1,5,100,0.1,1.0,0.9090909090909091,2,0.1,,,
110,0.15559595337733334,0.24997644629333332,0.5944156469080001,157.0,Defector,200000,3.0,3,1,5,100,0.1,1.0,0.9090909090909091,2,0.1,,,
111,0.126203033502,0.20124762273199998,0.6725336427859998,158.0,Loner,200000,3.0,3,1,5,100,0.1,1.0,0.9090909090909091,2,0.1,,,
112,0.145247113332,0.179221244678,0.6755101737639999,159.0,Neither,200000,3.0,3,1,5,100,0.1,1.0,0.9090909090909091,2,0.1,/tmpdir/job/9974553.2,0,0
113,0.051249606248,0.08284383714600001,0.865882898444,160.0,Both,200000,3.0,3,1,5,100,0.1,1.0,0.9090909090909091,2,0.1,,,
114,0.0,0.0,1.0,177.0,Defector,200000,0.0,3,1,5,100,0.1,1.0,0.9090909090909091,2,0.1,,,
115,0.0,0.0,1.0,178.0,Loner,200000,0.0,3,1,5,100,0.1,1.0,0.9090909090909091,2,0.1,,,
116,0.0,0.0,1.0,179.0,Neither,200000,0.0,3,1,5,100,0.1,1.0,0.9090909090909091,2,0.1,,,
117,0.0,0.0,1.0,180.0,Both,200000,0.0,3,1,5,100,0.1,1.0,0.9090909090909091,2,0.1,,,
118,0.0025149670395,1.0202308999999998e-05,0.9974588959999999,181.0,Defector,200000,0.5,3,1,5,100,0.1,1.0,0.9090909090909091,2,0.1,,,
119,0.0006216823259999999,3.6439279e-05,0.999337605,182.0,Loner,200000,0.5,3,1,5,100,0.1,1.0,0.9090909090909091,2,0.1,,,
120,0.0033996223480000005,1.0360282999999998e-05,0.99657141,183.0,Neither,200000,0.5,3,1,5,100,0.1,1.0,0.9090909090909091,2,0.1,,,
121,0.0007569160379999999,3.4189734e-05,0.999203921,184.0,Both,200000,0.5,3,1,5,100,0.1,1.0,0.9090909090909091,2,0.1,,,
122,0.141679247269,0.07136976100800001,0.786943702661,185.0,Defector,200000,1.0,3,1,5,100,0.1,1.0,0.9090909090909091,2,0.1,,,
123,0.086426544018,0.060649094304,0.8529175812909999,186.0,Loner,200000,1.0,3,1,5,100,0.1,1.0,0.9090909090909091,2,0.1,,,
124,0.1302874674406,0.0912096543287,0.7784899221674002,187.0,Neither,200000,1.0,3,1,5,100,0.1,1.0,0.9090909090909091,2,0.1,,,
125,0.04153913339499999,0.022042522736000002,0.9364136315410001,188.0,Both,200000,1.0,3,1,5,100,0.1,1.0,0.9090909090909091,2,0.1,,,
126,0.13717364575500005,0.11431457096540001,0.7485053156720002,189.0,Defector,200000,1.5,3,1,5,100,0.1,1.0,0.9090909090909091,2,0.1,,,
127,0.080052340375,0.09215484281099998,0.8277866419460002,190.0,Loner,200000,1.5,3,1,5,100,0.1,1.0,0.9090909090909091,2,0.1,,,
128,0.110857099644,0.10326882588400002,0.7858605860160001,191.0,Neither,200000,1.5,3,1,5,100,0.1,1.0,0.9090909090909091,2,0.1,,,
129,0.032529390855,0.04124331416,0.9262241589200002,192.0,Both,200000,1.5,3,1,5,100,0.1,1.0,0.9090909090909091,2,0.1,,,
130,0.16977000085599997,0.182342069903,0.6478763753500001,193.0,Defector,200000,2.0,3,1,5,100,0.1,1.0,0.9090909090909091,2,0.1,,,
131,0.13161366579,0.181477764712,0.6868929667050001,194.0,Loner,200000,2.0,3,1,5,100,0.1,1.0,0.9090909090909091,2,0.1,,,
132,0.1519785330195,0.15387825632399998,0.6941205453549999,195.0,Neither,200000,2.0,3,1,5,100,0.1,1.0,0.9090909090909091,2,0.1,,,
133,0.054178209734000005,0.06746939658599999,0.8783340981739998,196.0,Both,200000,2.0,3,1,5,100,0.1,1.0,0.9090909090909091,2,0.1,,,
134,0.171863004477,0.22554418924399997,0.6025807889920001,197.0,Defector,200000,2.5,3,1,5,100,0.1,1.0,0.9090909090909091,2,0.1,,,
135,0.12948257870300003,0.18558762376,0.6849127347809999,198.0,Loner,200000,2.5,3,1,5,100,0.1,1.0,0.9090909090909091,2,0.1,,,
136,0.1598052195777,0.17833285730059997,0.661840328298,199.0,Neither,200000,2.5,3,1,5,100,0.1,1.0,0.9090909090909091,2,0.1,,,
137,0.04179723081,0.07027740438300001,0.887903949331,200.0,Both,200000,2.5,3,1,5,100,0.1,1.0,0.9090909090909091,2,0.1,,,
138,0.163413134656,0.238749750313,0.5978251061509999,201.0,Defector,200000,3.0,3,1,5,100,0.1,1.0,0.9090909090909091,2,0.1,,,
139,0.13629346024,0.214024555976,0.64966508774,202.0,Loner,200000,3.0,3,1,5,100,0.1,1.0,0.9090909090909091,2,0.1,,,
140,0.14947309362,0.166858435996,0.6836467484840001,203.0,Neither,200000,3.0,3,1,5,100,0.1,1.0,0.9090909090909091,2,0.1,,,
141,0.041205152233999995,0.07579707293,0.882973484759,204.0,Both,200000,3.0,3,1,5,100,0.1,1.0,0.9090909090909091,2,0.1,,,
142,0.15130512499999998,0.27247741534399994,0.576204810628,205.0,Defector,200000,3.5,3,1,5,100,0.1,1.0,0.9090909090909091,2,0.1,,,
143,0.137020598324,0.24366731515999995,0.61929935876,209.0,Defector,200000,4.0,3,1,5,100,0.1,1.0,0.9090909090909091,2,0.1,,,
144,0.0,0.0,1.0,221.0,Defector,200000,0.0,3,1,5,100,0.1,1.0,0.9090909090909091,2,0.1,,,
145,0.0,0.0,1.0,222.0,Loner,200000,0.0,3,1,5,100,0.1,1.0,0.9090909090909091,2,0.1,,,
146,0.0,0.0,1.0,223.0,Neither,200000,0.0,3,1,5,100,0.1,1.0,0.9090909090909091,2,0.1,,,
147,0.0,0.0,1.0,224.0,Both,200000,0.0,3,1,5,100,0.1,1.0,0.9090909090909091,2,0.1,,,
148,0.002831976519,9.153593e-06,0.9971421199999998,225.0,Defector,200000,0.5,3,1,5,100,0.1,1.0,0.9090909090909091,2,0.1,,,
149,0.0007365145699999997,3.678299999999999e-05,0.9992221359999999,226.0,Loner,200000,0.5,3,1,5,100,0.1,1.0,0.9090909090909091,2,0.1,,,
150,0.002928453116,9.432473e-06,0.997043833,227.0,Neither,200000,0.5,3,1,5,100,0.1,1.0,0.9090909090909091,2,0.1,,,
151,0.000647438913,3.6103839000000005e-05,0.9993120719999999,228.0,Both,200000,0.5,3,1,5,100,0.1,1.0,0.9090909090909091,2,0.1,,,
152,0.152375550423,0.080121299033,0.767495891452,229.0,Defector,200000,1.0,3,1,5,100,0.1,1.0,0.9090909090909091,2,0.1,,,
153,0.084046384127,0.05788307364099999,0.8580635486779999,230.0,Loner,200000,1.0,3,1,5,100,0.1,1.0,0.9090909090909091,2,0.1,,,
154,0.127312824251,0.08983916026000001,0.7828346637439998,231.0,Neither,200000,1.0,3,1,5,100,0.1,1.0,0.9090909090909091,2,0.1,,,
155,0.041212583860000006,0.023322421746,0.9354606170449998,232.0,Both,200000,1.0,3,1,5,100,0.1,1.0,0.9090909090909091,2,0.1,,,
156,0.13889416381800002,0.12126479384399998,0.739833769781,233.0,Defector,200000,1.5,3,1,5,100,0.1,1.0,0.9090909090909091,2,0.1,,,
157,0.088481175093,0.108687055798,0.8028251629560001,234.0,Loner,200000,1.5,3,1,5,100,0.1,1.0,0.9090909090909091,2,0.1,,,
158,0.11257144870399997,0.09652480854399999,0.790890808606,235.0,Neither,200000,1.5,3,1,5,100,0.1,1.0,0.9090909090909091,2,0.1,,,
159,0.035627991146,0.037923698845,0.9264454168970001,236.0,Both,200000,1.5,3,1,5,100,0.1,1.0,0.9090909090909091,2,0.1,,,
160,0.16405202572900002,0.17401183547000001,0.6619245202490001,237.0,Defector,200000,2.0,3,1,5,100,0.1,1.0,0.9090909090909091,2,0.1,,,
161,0.13237891229399998,0.17664366747699997,0.6909619619199999,238.0,Loner,200000,2.0,3,1,5,100,0.1,1.0,0.9090909090909091,2,0.1,,,
162,0.148887880244,0.15400298559800002,0.697087909052,239.0,Neither,200000,2.0,3,1,5,100,0.1,1.0,0.9090909090909091,2,0.1,,,
163,0.04502683556759999,0.068365006566,0.886590775574,240.0,Both,200000,2.0,3,1,5,100,0.1,1.0,0.9090909090909091,2,0.1,,,
164,0.15599973369199996,0.224143400715,0.6198453165360001,241.0,Defector,200000,2.5,3,1,5,100,0.1,1.0,0.9090909090909091,2,0.1,,,
165,0.12628270676300002,0.194261973847,0.679439342528,242.0,Loner,200000,2.5,3,1,5,100,0.1,1.0,0.9090909090909091,2,0.1,,,
166,0.146904817152,0.16541893278,0.6876537130599999,243.0,Neither,200000,2.5,3,1,5,100,0.1,1.0,0.9090909090909091,2,0.1,,,
167,0.04362518947400001,0.07307537687999999,0.8832784725930001,244.0,Both,200000,2.5,3,1,5,100,0.1,1.0,0.9090909090909091,2,0.1,,,
168,0.141700666778,0.249090571904,0.609197045608,245.0,Defector,200000,3.0,3,1,5,100,0.1,1.0,0.9090909090909091,2,0.1,,,
169,0.126792034748,0.190390840776,0.68280072782,246.0,Loner,200000,3.0,3,1,5,100,0.1,1.0,0.9090909090909091,2,0.1,,,
170,0.1483607887307,0.17553081998269998,0.6760853374570002,247.0,Neither,200000,3.0,3,1,5,100,0.1,1.0,0.9090909090909091,2,0.1,,,
171,0.048228648503,0.07497219233800001,0.8767759578530001,248.0,Both,200000,3.0,3,1,5,100,0.1,1.0,0.9090909090909091,2,0.1,,,
172,0.123600949082,0.189561344946,0.686821884552,250.0,Loner,200000,3.5,3,1,5,100,0.1,1.0,0.9090909090909091,2,0.1,,,
173,0.049967937098,0.07917402471000001,0.87083313896,252.0,Both,200000,3.5,3,1,5,100,0.1,1.0,0.9090909090909091,2,0.1,,,
174,0.0,0.0,1.0,265.0,Defector,200000,0.0,3,1,5,100,0.1,1.0,0.9090909090909091,2,0.1,,,
175,0.0,0.0,1.0,266.0,Loner,200000,0.0,3,1,5,100,0.1,1.0,0.9090909090909091,2,0.1,,,
176,0.0,0.0,1.0,267.0,Neither,200000,0.0,3,1,5,100,0.1,1.0,0.9090909090909091,2,0.1,,,
177,0.0,0.0,1.0,268.0,Both,200000,0.0,3,1,5,100,0.1,1.0,0.9090909090909091,2,0.1,,,
178,0.0028786472629999996,9.020723000000001e-06,0.9970946230000002,269.0,Defector,200000,0.5,3,1,5,100,0.1,1.0,0.9090909090909091,2,0.1,,,
179,0.0006350964889999999,3.214209299999999e-05,0.999328271,270.0,Loner,200000,0.5,3,1,5,100,0.1,1.0,0.9090909090909091,2,0.1,,,
180,0.0029158916470000003,1.0843555999999999e-05,0.997055455,271.0,Neither,200000,0.5,3,1,5,100,0.1,1.0,0.9090909090909091,2,0.1,,,
181,0.000639604062,3.2424165e-05,0.999323775,272.0,Both,200000,0.5,3,1,5,100,0.1,1.0,0.9090909090909091,2,0.1,,,
182,0.153418585624,0.08218767431,0.7643854487269999,273.0,Defector,200000,1.0,3,1,5,100,0.1,1.0,0.9090909090909091,2,0.1,,,
183,0.085925519157,0.061569028935,0.8524982389379998,274.0,Loner,200000,1.0,3,1,5,100,0.1,1.0,0.9090909090909091,2,0.1,,,
184,0.114247495605,0.0787969939177,0.8069420859490001,275.0,Neither,200000,1.0,3,1,5,100,0.1,1.0,0.9090909090909091,2,0.1,,,
185,0.04140322884199999,0.026580937093000002,0.9320115069190001,276.0,Both,200000,1.0,3,1,5,100,0.1,1.0,0.9090909090909091,2,0.1,,,
186,0.13847296319400001,0.113579011204,0.7479415477180003,277.0,Defector,200000,1.5,3,1,5,100,0.1,1.0,0.9090909090909091,2,0.1,,,
187,0.09003041215200001,0.10647322296899998,0.803490200607,278.0,Loner,200000,1.5,3,1,5,100,0.1,1.0,0.9090909090909091,2,0.1,,,
188,0.11532475493699999,0.11420794186229999,0.7704526415399999,279.0,Neither,200000,1.5,3,1,5,100,0.1,1.0,0.9090909090909091,2,0.1,,,
189,0.036921633664999995,0.04702907781,0.916046396028,280.0,Both,200000,1.5,3,1,5,100,0.1,1.0,0.9090909090909091,2,0.1,,,
190,0.16514387572,0.19325101392600003,0.641593872128,281.0,Defector,200000,2.0,3,1,5,100,0.1,1.0,0.9090909090909091,2,0.1,,,
191,0.12255750183299999,0.173603394977,0.70382288667,282.0,Loner,200000,2.0,3,1,5,100,0.1,1.0,0.9090909090909091,2,0.1,,,
192,0.155260619118,0.1479496055574,0.6967685530119999,283.0,Neither,200000,2.0,3,1,5,100,0.1,1.0,0.9090909090909091,2,0.1,,,
193,0.046396720467000004,0.062132321815,0.8914529696939999,284.0,Both,200000,2.0,3,1,5,100,0.1,1.0,0.9090909090909091,2,0.1,,,
194,0.15815608058000002,0.21606376920200002,0.6257688908310001,285.0,Defector,200000,2.5,3,1,5,100,0.1,1.0,0.9090909090909091,2,0.1,,,
195,0.13962867092400003,0.20555336718499997,0.65480094591,286.0,Loner,200000,2.5,3,1,5,100,0.1,1.0,0.9090909090909091,2,0.1,,,
196,0.1490709668187,0.1725472875217,0.6783597809619999,287.0,Neither,200000,2.5,3,1,5,100,0.1,1.0,0.9090909090909091,2,0.1,,,
197,0.052418638765000004,0.0678640576,0.87969531071,288.0,Both,200000,2.5,3,1,5,100,0.1,1.0,0.9090909090909091,2,0.1,,,
198,0.17293959449866667,0.246933008604,0.5801152957453334,289.0,Defector,200000,3.0,3,1,5,100,0.1,1.0,0.9090909090909091,2,0.1,,,
199,0.1273925693586667,0.20271999664666665,0.6698717891866667,290.0,Loner,200000,3.0,3,1,5,100,0.1,1.0,0.9090909090909091,2,0.1,/tmpdir/job/9974553.3,0,0
200,0.1434419405452,0.17842544564319995,0.6781113382460001,291.0,Neither,200000,3.0,3,1,5,100,0.1,1.0,0.9090909090909091,2,0.1,/tmpdir/job/9974553.4,0,0
201,0.04762977074199999,0.077366389939,0.8749798375460001,292.0,Both,200000,3.0,3,1,5,100,0.1,1.0,0.9090909090909091,2,0.1,,,
202,0.16648569049733333,0.23527134282533332,0.5982313561346667,293.0,Defector,200000,3.5,3,1,5,100,0.1,1.0,0.9090909090909091,2,0.1,,,
203,0.11356596381999998,0.19145636242,0.694963134132,294.0,Loner,200000,3.5,3,1,5,100,0.1,1.0,0.9090909090909091,2,0.1,,,
204,0.05205127808800001,0.072494804252,0.8754295843840001,296.0,Both,200000,3.5,3,1,5,100,0.1,1.0,0.9090909090909091,2,0.1,,,
205,0.0,0.0,1.0,309.0,Defector,200000,0.0,3,1,5,100,0.1,1.0,0.9090909090909091,2,0.1,,,
206,0.0,0.0,1.0,310.0,Loner,200000,0.0,3,1,5,100,0.1,1.0,0.9090909090909091,2,0.1,,,
207,0.0,0.0,1.0,311.0,Neither,200000,0.0,3,1,5,100,0.1,1.0,0.9090909090909091,2,0.1,,,
208,0.0,0.0,1.0,312.0,Both,200000,0.0,3,1,5,100,0.1,1.0,0.9090909090909091,2,0.1,,,
209,0.0031917977979999995,8.890933e-06,0.9967805079999998,313.0,Defector,200000,0.5,3,1,5,100,0.1,1.0,0.9090909090909091,2,0.1,,,
210,0.00064711614,3.7569891e-05,0.999311018,314.0,Loner,200000,0.5,3,1,5,100,0.1,1.0,0.9090909090909091,2,0.1,,,
211,0.002699678905,9.370126999999999e-06,0.997273532,315.0,Neither,200000,0.5,3,1,5,100,0.1,1.0,0.9090909090909091,2,0.1,,,
212,0.000645225942,3.7572037e-05,0.9993128360000001,316.0,Both,200000,0.5,3,1,5,100,0.1,1.0,0.9090909090909091,2,0.1,,,
213,0.149281874622,0.07968409178899999,0.7710263312140001,317.0,Defector,200000,1.0,3,1,5,100,0.1,1.0,0.9090909090909091,2,0.1,,,
214,0.07490094881600001,0.056865828060000005,0.8682268572099999,318.0,Loner,200000,1.0,3,1,5,100,0.1,1.0,0.9090909090909091,2,0.1,,,
215,0.128689843811,0.08945281244759999,0.7818434126,319.0,Neither,200000,1.0,3,1,5,100,0.1,1.0,0.9090909090909091,2,0.1,,,
216,0.036305842939,0.019794643799,0.943895696791,320.0,Both,200000,1.0,3,1,5,100,0.1,1.0,0.9090909090909091,2,0.1,,,
217,0.132264197203,0.1063792435474,0.7613502137900001,321.0,Defector,200000,1.5,3,1,5,100,0.1,1.0,0.9090909090909091,2,0.1,,,
218,0.08336443289399999,0.096128836851,0.8205000799359999,322.0,Loner,200000,1.5,3,1,5,100,0.1,1.0,0.9090909090909091,2,0.1,,,
219,0.11665222301099999,0.1053893926525,0.7779448239779999,323.0,Neither,200000,1.5,3,1,5,100,0.1,1.0,0.9090909090909091,2,0.1,,,
220,0.03418717067300001,0.038303120249999996,0.927506732358,324.0,Both,200000,1.5,3,1,5,100,0.1,1.0,0.9090909090909091,2,0.1,,,
221,0.17741726087699997,0.18431720483199998,0.638253767332,325.0,Defector,200000,2.0,3,1,5,100,0.1,1.0,0.9090909090909091,2,0.1,,,
222,0.131264420426,0.181180003334,0.687539859402,326.0,Loner,200000,2.0,3,1,5,100,0.1,1.0,0.9090909090909091,2,0.1,,,
223,0.15844966623270001,0.1626416928797,0.6788860950910001,327.0,Neither,200000,2.0,3,1,5,100,0.1,1.0,0.9090909090909091,2,0.1,,,
224,0.043352074396,0.06355201910000001,0.8930781785750002,328.0,Both,200000,2.0,3,1,5,100,0.1,1.0,0.9090909090909091,2,0.1,,,
225,0.165340288042,0.23297487197399994,0.6016732129229999,329.0,Defector,200000,2.5,3,1,5,100,0.1,1.0,0.9090909090909091,2,0.1,,,
226,0.12830548035,0.19968444685899997,0.671993964161,330.0,Loner,200000,2.5,3,1,5,100,0.1,1.0,0.9090909090909091,2,0.1,,,
227,0.16727565489499996,0.18339784348500002,0.6493054810380001,331.0,Neither,200000,2.5,3,1,5,100,0.1,1.0,0.9090909090909091,2,0.1,,,
228,0.047312315411,0.070096884337,0.882568975501,332.0,Both,200000,2.5,3,1,5,100,0.1,1.0,0.9090909090909091,2,0.1,,,
229,0.14824474630099999,0.179645031899,0.6720886613460002,335.0,Neither,200000,3.0,3,1,5,100,0.1,1.0,0.9090909090909091,2,0.1,,,
230,0.042634813888,0.073739268625,0.8836024888690001,336.0,Both,200000,3.0,3,1,5,100,0.1,1.0,0.9090909090909091,2,0.1,,,
231,0.05676205346799999,0.092658004492,0.8505548026960001,340.0,Both,200000,3.5,3,1,5,100,0.1,1.0,0.9090909090909091,2,0.1,,,
232,0.0,0.0,1.0,353.0,Defector,200000,0.0,3,1,5,100,0.1,1.0,0.9090909090909091,2,0.1,,,
233,0.0,0.0,1.0,354.0,Loner,200000,0.0,3,1,5,100,0.1,1.0,0.9090909090909091,2,0.1,,,
234,0.0,0.0,1.0,355.0,Neither,200000,0.0,3,1,5,100,0.1,1.0,0.9090909090909091,2,0.1,,,
235,0.0,0.0,1.0,356.0,Both,200000,0.0,3,1,5,100,0.1,1.0,0.9090909090909091,2,0.1,,,
236,0.0027612371840000003,8.497085999999999e-06,0.9972130970000002,357.0,Defector,200000,0.5,3,1,5,100,0.1,1.0,0.9090909090909091,2,0.1,,,
237,0.0006599751669999999,3.5919502e-05,0.9992998080000001,358.0,Loner,200000,0.5,3,1,5,100,0.1,1.0,0.9090909090909091,2,0.1,,,
238,0.0026620549919999996,9.387263999999999e-06,0.9973116989999999,359.0,Neither,200000,0.5,3,1,5,100,0.1,1.0,0.9090909090909091,2,0.1,,,
239,0.000650022573,3.582129799999999e-05,0.9993102449999999,360.0,Both,200000,0.5,3,1,5,100,0.1,1.0,0.9090909090909091,2,0.1,,,
240,0.16229638691399997,0.078981723079,0.7587139797359999,361.0,Defector,200000,1.0,3,1,5,100,0.1,1.0,0.9090909090909091,2,0.1,,,
241,0.09305521788999999,0.06228880474600001,0.844649099847,362.0,Loner,200000,1.0,3,1,5,100,0.1,1.0,0.9090909090909091,2,0.1,,,
242,0.11399845860599998,0.0810806865776,0.804907580896,363.0,Neither,200000,1.0,3,1,5,100,0.1,1.0,0.9090909090909091,2,0.1,,,
243,0.036789208365000006,0.020510691180999997,0.94269646915,364.0,Both,200000,1.0,3,1,5,100,0.1,1.0,0.9090909090909091,2,0.1,,,
244,0.14116309521699996,0.117600838987,0.741229414915,365.0,Defector,200000,1.5,3,1,5,100,0.1,1.0,0.9090909090909091,2,0.1,,,
245,0.08857625286200001,0.09719041001900001,0.814227325807,366.0,Loner,200000,1.5,3,1,5,100,0.1,1.0,0.9090909090909091,2,0.1,,,
246,0.11169628451799997,0.09634862643399998,0.791940710519,367.0,Neither,200000,1.5,3,1,5,100,0.1,1.0,0.9090909090909091,2,0.1,,,
247,0.03471145344,0.036342498896000004,0.9289432365920002,368.0,Both,200000,1.5,3,1,5,100,0.1,1.0,0.9090909090909091,2,0.1,,,
248,0.17165930426099998,0.17408471618399998,0.6542442879470001,369.0,Defector,200000,2.0,3,1,5,100,0.1,1.0,0.9090909090909091,2,0.1,,,
249,0.132088291203,0.17680375563400005,0.6910927104929999,370.0,Loner,200000,2.0,3,1,5,100,0.1,1.0,0.9090909090909091,2,0.1,,,
250,0.15791055858000003,0.1588720250203,0.6831963270610002,371.0,Neither,200000,2.0,3,1,5,100,0.1,1.0,0.9090909090909091,2,0.1,,,
251,0.04834019718500001,0.06493319168600001,0.886709284377,372.0,Both,200000,2.0,3,1,5,100,0.1,1.0,0.9090909090909091,2,0.1,,,
252,0.17268431882500002,0.225387774872,0.601915816053,373.0,Defector,200000,2.5,3,1,5,100,0.1,1.0,0.9090909090909091,2,0.1,,,
253,0.12740638080799999,0.18925440725,0.683322769206,374.0,Loner,200000,2.5,3,1,5,100,0.1,1.0,0.9090909090909091,2,0.1,,,
254,0.1508712539646,0.1718048094596,0.6773026956639999,375.0,Neither,200000,2.5,3,1,5,100,0.1,1.0,0.9090909090909091,2,0.1,,,
255,0.042212744770999996,0.073543369302,0.884223010203,376.0,Both,200000,2.5,3,1,5,100,0.1,1.0,0.9090909090909091,2,0.1,,,
256,0.16178014233000002,0.255416380641,0.5827923367310001,377.0,Defector,200000,3.0,3,1,5,100,0.1,1.0,0.9090909090909091,2,0.1,,,
257,0.132079076788,0.211779749996,0.6561259195279999,378.0,Loner,200000,3.0,3,1,5,100,0.1,1.0,0.9090909090909091,2,0.1,,,
258,0.1450562476213,0.16933036965399995,0.685593057401,379.0,Neither,200000,3.0,3,1,5,100,0.1,1.0,0.9090909090909091,2,0.1,,,
259,0.048072030816000005,0.078803229697,0.8731014494139998,380.0,Both,200000,3.0,3,1,5,100,0.1,1.0,0.9090909090909091,2,0.1,,,
260,0.045453752797333324,0.07725466161466665,0.8772671597879999,384.0,Both,200000,3.5,3,1,5,100,0.1,1.0,0.9090909090909091,2,0.1,,,
261,0.0,0.0,1.0,397.0,Defector,200000,0.0,3,1,5,100,0.1,1.0,0.9090909090909091,2,0.1,,,
262,0.0,0.0,1.0,398.0,Loner,200000,0.0,3,1,5,100,0.1,1.0,0.9090909090909091,2,0.1,,,
263,0.0,0.0,1.0,399.0,Neither,200000,0.0,3,1,5,100,0.1,1.0,0.9090909090909091,2,0.1,,,
264,0.0,0.0,1.0,400.0,Both,200000,0.0,3,1,5,100,0.1,1.0,0.9090909090909091,2,0.1,,,
265,0.0031635833159999994,9.680777000000001e-06,0.9968081649999999,401.0,Defector,200000,0.5,3,1,5,100,0.1,1.0,0.9090909090909091,2,0.1,,,
266,0.000687345448,3.5990832e-05,0.9992720920000001,402.0,Loner,200000,0.5,3,1,5,100,0.1,1.0,0.9090909090909091,2,0.1,,,
267,0.003444789784,1.0012015999999999e-05,0.9965252179999998,403.0,Neither,200000,0.5,3,1,5,100,0.1,1.0,0.9090909090909091,2,0.1,,,
268,0.0006745341029999999,3.2055335999999996e-05,0.9992889500000001,404.0,Both,200000,0.5,3,1,5,100,0.1,1.0,0.9090909090909091,2,0.1,,,
269,0.15053154580400002,0.08417937968650001,0.7652811353200002,405.0,Defector,200000,1.0,3,1,5,100,0.1,1.0,0.9090909090909091,2,0.1,,,
270,0.089388465897,0.060788934647,0.849815512151,406.0,Loner,200000,1.0,3,1,5,100,0.1,1.0,0.9090909090909091,2,0.1,,,
271,0.11918969563299997,0.08562376430560002,0.7951723570129998,407.0,Neither,200000,1.0,3,1,5,100,0.1,1.0,0.9090909090909091,2,0.1,,,
272,0.044887315214,0.022269637227999996,0.9328380667830001,408.0,Both,200000,1.0,3,1,5,100,0.1,1.0,0.9090909090909091,2,0.1,,,
273,0.14415872557700002,0.124416971969,0.7314166537500001,409.0,Defector,200000,1.5,3,1,5,100,0.1,1.0,0.9090909090909091,2,0.1,,,
274,0.088483847263,0.10541437952699999,0.806095322317,410.0,Loner,200000,1.5,3,1,5,100,0.1,1.0,0.9090909090909091,2,0.1,,,
275,0.1098581981756,0.10931587674,0.7808100014539998,411.0,Neither,200000,1.5,3,1,5,100,0.1,1.0,0.9090909090909091,2,0.1,,,
276,0.037535677633999995,0.04178044329,0.92068048872,412.0,Both,200000,1.5,3,1,5,100,0.1,1.0,0.9090909090909091,2,0.1,,,
277,0.16956481802299997,0.18163180204600002,0.6487925923140001,413.0,Defector,200000,2.0,3,1,5,100,0.1,1.0,0.9090909090909091,2,0.1,,,
278,0.12629811191399998,0.173168896457,0.7005169575299999,414.0,Loner,200000,2.0,3,1,5,100,0.1,1.0,0.9090909090909091,2,0.1,,,
279,0.1521501638359,0.1482635559809,0.699564442105,415.0,Neither,200000,2.0,3,1,5,100,0.1,1.0,0.9090909090909091,2,0.1,,,
280,0.04608016392249999,0.070452870143,0.8834495706469999,416.0,Both,200000,2.0,3,1,5,100,0.1,1.0,0.9090909090909091,2,0.1,,,
281,0.16477571274499997,0.22235311880499997,0.612860138674,417.0,Defector,200000,2.5,3,1,5,100,0.1,1.0,0.9090909090909091,2,0.1,,,
282,0.1337286477307,0.2041729978797,0.6620824229710001,418.0,Loner,200000,2.5,3,1,5,100,0.1,1.0,0.9090909090909091,2,0.1,,,
283,0.152500700145,0.1755460171947,0.6719315618069999,419.0,Neither,200000,2.5,3,1,5,100,0.1,1.0,0.9090909090909091,2,0.1,,,
284,0.04812161283899999,0.073175495433,0.878680258458,420.0,Both,200000,2.5,3,1,5,100,0.1,1.0,0.9090909090909091,2,0.1,,,
285,0.171990121664,0.250100046755,0.577898286336,421.0,Defector,200000,3.0,3,1,5,100,0.1,1.0,0.9090909090909091,2,0.1,,,
286,0.12517844374000003,0.20054632817999998,0.6742600613960001,422.0,Loner,200000,3.0,3,1,5,100,0.1,1.0,0.9090909090909091,2,0.1,,,
287,0.15216515182999998,0.1829668916406,0.6648466721320001,423.0,Neither,200000,3.0,3,1,5,100,0.1,1.0,0.9090909090909091,2,0.1,,,
288,0.046078061349,0.081901236257,0.8719970944989998,424.0,Both,200000,3.0,3,1,5,100,0.1,1.0,0.9090909090909091,2,0.1,,,
289,0.048628893778000004,0.081329872768,0.870015243961,428.0,Both,200000,3.5,3,1,5,100,0.1,1.0,0.9090909090909091,2,0.1,,,
290,0.0,0.0,1.0,441.0,Defector,200000,0.0,3,1,5,100,0.1,1.0,0.9090909090909091,2,0.1,,,
291,0.0,0.0,1.0,442.0,Loner,200000,0.0,3,1,5,100,0.1,1.0,0.9090909090909091,2,0.1,,,
292,0.0,0.0,1.0,443.0,Neither,200000,0.0,3,1,5,100,0.1,1.0,0.9090909090909091,2,0.1,,,
293,0.0,0.0,1.0,444.0,Both,200000,0.0,3,1,5,100,0.1,1.0,0.9090909090909091,2,0.1,,,
294,0.002938123308,9.917101000000001e-06,0.9970334399999999,445.0,Defector,200000,0.5,3,1,5,100,0.1,1.0,0.9090909090909091,2,0.1,,,
295,0.000643525387,3.2960956e-05,0.999319332,446.0,Loner,200000,0.5,3,1,5,100,0.1,1.0,0.9090909090909091,2,0.1,,,
296,0.0025935285200000004,9.852848e-06,0.9973792150000002,447.0,Neither,200000,0.5,3,1,5,100,0.1,1.0,0.9090909090909091,2,0.1,,,
297,0.000646223019,3.6456317999999994e-05,0.999312803,448.0,Both,200000,0.5,3,1,5,100,0.1,1.0,0.9090909090909091,2,0.1,,,
298,0.156639304839,0.088031328614,0.7553211407329999,449.0,Defector,200000,1.0,3,1,5,100,0.1,1.0,0.9090909090909091,2,0.1,,,
299,0.08241585653000003,0.059330175879,0.858247314991,450.0,Loner,200000,1.0,3,1,5,100,0.1,1.0,0.9090909090909091,2,0.1,,,
300,0.11995567390199999,0.09156485271350003,0.788465721443,451.0,Neither,200000,1.0,3,1,5,100,0.1,1.0,0.9090909090909091,2,0.1,,,
301,0.03423152282,0.0206252274116,0.9451392078930001,452.0,Both,200000,1.0,3,1,5,100,0.1,1.0,0.9090909090909091,2,0.1,,,
302,0.131167058855,0.12496412290500002,0.7438621629999999,453.0,Defector,200000,1.5,3,1,5,100,0.1,1.0,0.9090909090909091,2,0.1,,,
303,0.083163886649,0.095900351943,0.8209297412789999,454.0,Loner,200000,1.5,3,1,5,100,0.1,1.0,0.9090909090909091,2,0.1,,,
304,0.1097369255946,0.10797210892800002,0.7822762338680002,455.0,Neither,200000,1.5,3,1,5,100,0.1,1.0,0.9090909090909091,2,0.1,,,
305,0.033221048709,0.038793246556000006,0.9279827243419999,456.0,Both,200000,1.5,3,1,5,100,0.1,1.0,0.9090909090909091,2,0.1,,,
306,0.16600638160499998,0.19065578510199999,0.643326737148,457.0,Defector,200000,2.0,3,1,5,100,0.1,1.0,0.9090909090909091,2,0.1,,,
307,0.13108396032199998,0.17554219949700003,0.6933589229199999,458.0,Loner,200000,2.0,3,1,5,100,0.1,1.0,0.9090909090909091,2,0.1,,,
308,0.153487769398,0.148740811155,0.6977496676277,459.0,Neither,200000,2.0,3,1,5,100,0.1,1.0,0.9090909090909091,2,0.1,,,
309,0.052383866202399994,0.07209240303640001,0.8755054719250001,460.0,Both,200000,2.0,3,1,5,100,0.1,1.0,0.9090909090909091,2,0.1,,,
310,0.164655400949,0.23398385472500002,0.6013494165519999,461.0,Defector,200000,2.5,3,1,5,100,0.1,1.0,0.9090909090909091,2,0.1,,,
311,0.12986337550299998,0.189010317888,0.681109348381,462.0,Loner,200000,2.5,3,1,5,100,0.1,1.0,0.9090909090909091,2,0.1,,,
312,0.1476689486833,0.1715422776107,0.680767281271,463.0,Neither,200000,2.5,3,1,5,100,0.1,1.0,0.9090909090909091,2,0.1,,,
313,0.044418959983,0.07093531701400001,0.8846245858770001,464.0,Both,200000,2.5,3,1,5,100,0.1,1.0,0.9090909090909091,2,0.1,,,
314,0.152985975824,0.24526879476933333,0.6017335386973334,465.0,Defector,200000,3.0,3,1,5,100,0.1,1.0,0.9090909090909091,2,0.1,,,
315,0.14713650895466665,0.16724836992746664,0.685594186512,467.0,Neither,200000,3.0,3,1,5,100,0.1,1.0,0.9090909090909091,2,0.1,,,
316,0.05032023063200001,0.085492651887,0.8641643589429998,468.0,Both,200000,3.0,3,1,5,100,0.1,1.0,0.9090909090909091,2,0.1,,,
317,0.12539203654,0.21964756602,0.6549448106679999,470.0,Loner,200000,3.5,3,1,5,100,0.1,1.0,0.9090909090909091,2,0.1,,,
318,0.0430297404953,0.079635348986,0.8773106190579999,472.0,Both,200000,3.5,3,1,5,100,0.1,1.0,0.9090909090909091,2,0.1,,,
319,0.0,0.0,1.0,485.0,Defector,200000,0.0,3,1,5,100,0.1,1.0,0.9090909090909091,2,0.1,,,
320,0.0,0.0,1.0,486.0,Loner,200000,0.0,3,1,5,100,0.1,1.0,0.9090909090909091,2,0.1,,,
321,0.0,0.0,1.0,487.0,Neither,200000,0.0,3,1,5,100,0.1,1.0,0.9090909090909091,2,0.1,,,
322,0.0,0.0,1.0,488.0,Both,200000,0.0,3,1,5,100,0.1,1.0,0.9090909090909091,2,0.1,,,
323,0.003409023757999999,1.0387166999999999e-05,0.996561328,489.0,Defector,200000,0.5,3,1,5,100,0.1,1.0,0.9090909090909091,2,0.1,,,
324,0.0007207734949999999,3.6867561e-05,0.9992376609999999,490.0,Loner,200000,0.5,3,1,5,100,0.1,1.0,0.9090909090909091,2,0.1,,,
325,0.002843097335,1.0293159999999999e-05,0.9971296000000001,491.0,Neither,200000,0.5,3,1,5,100,0.1,1.0,0.9090909090909091,2,0.1,,,
326,0.000775038726,3.428456100000001e-05,0.9991860659999998,492.0,Both,200000,0.5,3,1,5,100,0.1,1.0,0.9090909090909091,2,0.1,,,
327,0.14968753366399998,0.08641251701049998,0.763891384081,493.0,Defector,200000,1.0,3,1,5,100,0.1,1.0,0.9090909090909091,2,0.1,,,
328,0.07982462680600001,0.058262818105,0.861905365124,494.0,Loner,200000,1.0,3,1,5,100,0.1,1.0,0.9090909090909091,2,0.1,,,
329,0.12003826635799998,0.0819598755505,0.7979879540639999,495.0,Neither,200000,1.0,3,1,5,100,0.1,1.0,0.9090909090909091,2,0.1,,,
330,0.045580543674,0.021526937394999994,0.9328880824850001,496.0,Both,200000,1.0,3,1,5,100,0.1,1.0,0.9090909090909091,2,0.1,,,
331,0.14214906647099998,0.11807680230800001,0.7397666993840001,497.0,Defector,200000,1.5,3,1,5,100,0.1,1.0,0.9090909090909091,2,0.1,,,
332,0.09228975111900001,0.10318053259099999,0.8045231680510001,498.0,Loner,200000,1.5,3,1,5,100,0.1,1.0,0.9090909090909091,2,0.1,,,
333,0.10240780696099999,0.102683513433,0.7948946197650001,499.0,Neither,200000,1.5,3,1,5,100,0.1,1.0,0.9090909090909091,2,0.1,,,
334,0.03545254977,0.041566135956000005,0.9229782058139999,500.0,Both,200000,1.5,3,1,5,100,0.1,1.0,0.9090909090909091,2,0.1,,,
335,0.175201616385,0.18351267314899997,0.6412745576429999,501.0,Defector,200000,2.0,3,1,5,100,0.1,1.0,0.9090909090909091,2,0.1,,,
336,0.12677008298700002,0.176913730873,0.6963011463920001,502.0,Loner,200000,2.0,3,1,5,100,0.1,1.0,0.9090909090909091,2,0.1,,,
337,0.152594450058,0.153383929019,0.6940002356630001,503.0,Neither,200000,2.0,3,1,5,100,0.1,1.0,0.9090909090909091,2,0.1,,,
338,0.044383920103999996,0.05745044458899999,0.8981477754030002,504.0,Both,200000,2.0,3,1,5,100,0.1,1.0,0.9090909090909091,2,0.1,,,
339,0.16438561144,0.22397937919399996,0.6116237709210001,505.0,Defector,200000,2.5,3,1,5,100,0.1,1.0,0.9090909090909091,2,0.1,,,
340,0.12703311718000002,0.19342353673899998,0.67952757583,506.0,Loner,200000,2.5,3,1,5,100,0.1,1.0,0.9090909090909091,2,0.1,,,
341,0.1572703431566,0.1755892475636,0.6671190915909999,507.0,Neither,200000,2.5,3,1,5,100,0.1,1.0,0.9090909090909091,2,0.1,,,
342,0.046819735884,0.079918867355,0.8732404232489999,508.0,Both,200000,2.5,3,1,5,100,0.1,1.0,0.9090909090909091,2,0.1,,,
343,0.152912301548,0.231719050804,0.61535920044,509.0,Defector,200000,3.0,3,1,5,100,0.1,1.0,0.9090909090909091,2,0.1,,,
344,0.132906208056,0.20571293517733336,0.66136578118,510.0,Loner,200000,3.0,3,1,5,100,0.1,1.0,0.9090909090909091,2,0.1,,,
345,0.134859238612,0.17794072044200002,0.6871795379192,511.0,Neither,200000,3.0,3,1,5,100,0.1,1.0,0.9090909090909091,2,0.1,,,
346,0.044610006525999994,0.078220694215,0.8771469791209999,512.0,Both,200000,3.0,3,1,5,100,0.1,1.0,0.9090909090909091,2,0.1,,,
347,0.052959728624,0.08687515143999999,0.860140947744,516.0,Both,200000,3.5,3,1,5,100,0.1,1.0,0.9090909090909091,2,0.1,,,
348,0.0,0.0,1.0,529.0,Defector,200000,0.0,3,1,5,100,0.1,1.0,0.9090909090909091,2,0.1,,,
349,0.0,0.0,1.0,530.0,Loner,200000,0.0,3,1,5,100,0.1,1.0,0.9090909090909091,2,0.1,,,
350,0.0,0.0,1.0,531.0,Neither,200000,0.0,3,1,5,100,0.1,1.0,0.9090909090909091,2,0.1,,,
351,0.0,0.0,1.0,532.0,Both,200000,0.0,3,1,5,100,0.1,1.0,0.9090909090909091,2,0.1,,,
352,0.003071437405,9.448939e-06,0.9969015150000001,533.0,Defector,200000,0.5,3,1,5,100,0.1,1.0,0.9090909090909091,2,0.1,,,
353,0.0007444224269999999,2.9514366e-05,0.9992214959999999,534.0,Loner,200000,0.5,3,1,5,100,0.1,1.0,0.9090909090909091,2,0.1,,,
354,0.0031195733996000003,8.927725e-06,0.996852782,535.0,Neither,200000,0.5,3,1,5,100,0.1,1.0,0.9090909090909091,2,0.1,,,
355,0.000684122527,3.2218091000000005e-05,0.9992789539999999,536.0,Both,200000,0.5,3,1,5,100,0.1,1.0,0.9090909090909091,2,0.1,,,
356,0.152402834522,0.09188986753400001,0.7556984416729999,537.0,Defector,200000,1.0,3,1,5,100,0.1,1.0,0.9090909090909091,2,0.1,,,
357,0.085440777084,0.061861209562999994,0.852690928415,538.0,Loner,200000,1.0,3,1,5,100,0.1,1.0,0.9090909090909091,2,0.1,,,
358,0.12801309108,0.09092293683199999,0.7810490913320001,539.0,Neither,200000,1.0,3,1,5,100,0.1,1.0,0.9090909090909091,2,0.1,,,
359,0.038393855299,0.02034014593,0.9412622216589999,540.0,Both,200000,1.0,3,1,5,100,0.1,1.0,0.9090909090909091,2,0.1,,,
360,0.12662016938600001,0.11416808132600001,0.7592048702530001,541.0,Defector,200000,1.5,3,1,5,100,0.1,1.0,0.9090909090909091,2,0.1,,,
361,0.08625438505000001,0.10353381081650001,0.810205304477,542.0,Loner,200000,1.5,3,1,5,100,0.1,1.0,0.9090909090909091,2,0.1,,,
362,0.10206390661100002,0.102311426717,0.7956120657400002,543.0,Neither,200000,1.5,3,1,5,100,0.1,1.0,0.9090909090909091,2,0.1,,,
363,0.03346247995499999,0.045432327107,0.9211018905270001,544.0,Both,200000,1.5,3,1,5,100,0.1,1.0,0.9090909090909091,2,0.1,,,
364,0.166458694781,0.18297050925799999,0.6505590249309999,545.0,Defector,200000,2.0,3,1,5,100,0.1,1.0,0.9090909090909091,2,0.1,,,
365,0.130091609285,0.17222220929000004,0.697670679118,546.0,Loner,200000,2.0,3,1,5,100,0.1,1.0,0.9090909090909091,2,0.1,,,
366,0.15498365320100002,0.15950380797150002,0.685491046352,547.0,Neither,200000,2.0,3,1,5,100,0.1,1.0,0.9090909090909091,2,0.1,,,
367,0.051455243133000005,0.070153585474,0.878373793789,548.0,Both,200000,2.0,3,1,5,100,0.1,1.0,0.9090909090909091,2,0.1,,,
368,0.15886244240499997,0.228355260523,0.612771086337,549.0,Defector,200000,2.5,3,1,5,100,0.1,1.0,0.9090909090909091,2,0.1,,,
369,0.12340272696400001,0.192060717705,0.68451940915,550.0,Loner,200000,2.5,3,1,5,100,0.1,1.0,0.9090909090909091,2,0.1,,,
370,0.141275100717,0.17455117629339997,0.6841519845840001,551.0,Neither,200000,2.5,3,1,5,100,0.1,1.0,0.9090909090909091,2,0.1,,,
371,0.040739648856999995,0.067072157566,0.892166949938,552.0,Both,200000,2.5,3,1,5,100,0.1,1.0,0.9090909090909091,2,0.1,,,
372,0.12379558308799998,0.199050658984,0.6771382626620001,554.0,Loner,200000,3.0,3,1,5,100,0.1,1.0,0.9090909090909091,2,0.1,,,
373,0.144939947472,0.175274491304,0.6797647185279999,555.0,Neither,200000,3.0,3,1,5,100,0.1,1.0,0.9090909090909091,2,0.1,/tmpdir/job/9974553.9,0,0
374,0.04876746448340001,0.0720706024764,0.879139079147,556.0,Both,200000,3.0,3,1,5,100,0.1,1.0,0.9090909090909091,2,0.1,,,
375,0.125750610956,0.21213562909599998,0.66209701288,558.0,Loner,200000,3.5,3,1,5,100,0.1,1.0,0.9090909090909091,2,0.1,,,
376,0.03881725791,0.07448898542799999,0.886668969322,560.0,Both,200000,3.5,3,1,5,100,0.1,1.0,0.9090909090909091,2,0.1,,,
377,0.0,0.0,1.0,573.0,Defector,200000,0.0,3,1,5,100,0.1,1.0,0.9090909090909091,2,0.1,,,
378,0.0,0.0,1.0,574.0,Loner,200000,0.0,3,1,5,100,0.1,1.0,0.9090909090909091,2,0.1,,,
379,0.0,0.0,1.0,575.0,Neither,200000,0.0,3,1,5,100,0.1,1.0,0.9090909090909091,2,0.1,,,
380,0.0,0.0,1.0,576.0,Both,200000,0.0,3,1,5,100,0.1,1.0,0.9090909090909091,2,0.1,,,
381,0.0033534008285,9.640475e-06,0.9966179700000001,577.0,Defector,200000,0.5,3,1,5,100,0.1,1.0,0.9090909090909091,2,0.1,,,
382,0.0006087583430000001,3.3621377e-05,0.9993534529999999,578.0,Loner,200000,0.5,3,1,5,100,0.1,1.0,0.9090909090909091,2,0.1,,,
383,0.0029715577984,1.0230245999999998e-05,0.996999978,579.0,Neither,200000,0.5,3,1,5,100,0.1,1.0,0.9090909090909091,2,0.1,,,
384,0.0006464321310000001,3.3573712e-05,0.999315622,580.0,Both,200000,0.5,3,1,5,100,0.1,1.0,0.9090909090909091,2,0.1,,,
385,0.143183479265,0.08539625519859999,0.771411914407,581.0,Defector,200000,1.0,3,1,5,100,0.1,1.0,0.9090909090909091,2,0.1,,,
386,0.074996127283,0.05250276893200001,0.8724957613290001,582.0,Loner,200000,1.0,3,1,5,100,0.1,1.0,0.9090909090909091,2,0.1,,,
387,0.127724212507,0.0912778396198,0.7809826023900001,583.0,Neither,200000,1.0,3,1,5,100,0.1,1.0,0.9090909090909091,2,0.1,,,
388,0.035960474954,0.021121922470999997,0.9429136947760001,584.0,Both,200000,1.0,3,1,5,100,0.1,1.0,0.9090909090909091,2,0.1,,,
389,0.13207196104500002,0.13007732438199998,0.737842967573,585.0,Defector,200000,1.5,3,1,5,100,0.1,1.0,0.9090909090909091,2,0.1,,,
390,0.084743331502,0.095303986523,0.819947215037,586.0,Loner,200000,1.5,3,1,5,100,0.1,1.0,0.9090909090909091,2,0.1,,,
391,0.110472715607,0.10497850301600001,0.784535325655,587.0,Neither,200000,1.5,3,1,5,100,0.1,1.0,0.9090909090909091,2,0.1,,,
392,0.036927910626999995,0.04009144423600001,0.922977731234,588.0,Both,200000,1.5,3,1,5,100,0.1,1.0,0.9090909090909091,2,0.1,,,
393,0.170373700441,0.188544919687,0.641069837708,589.0,Defector,200000,2.0,3,1,5,100,0.1,1.0,0.9090909090909091,2,0.1,,,
394,0.138644234535,0.18710790089300003,0.6742315306810001,590.0,Loner,200000,2.0,3,1,5,100,0.1,1.0,0.9090909090909091,2,0.1,,,
395,0.15690626370460004,0.162814898836,0.680257843853,591.0,Neither,200000,2.0,3,1,5,100,0.1,1.0,0.9090909090909091,2,0.1,,,
396,0.053349834843,0.065666206243,0.8809651372909999,592.0,Both,200000,2.0,3,1,5,100,0.1,1.0,0.9090909090909091,2,0.1,,,
397,0.149716350957,0.22788096869799995,0.6223910714840001,593.0,Defector,200000,2.5,3,1,5,100,0.1,1.0,0.9090909090909091,2,0.1,,,
398,0.12934925729599997,0.194149385008,0.6764847192150001,594.0,Loner,200000,2.5,3,1,5,100,0.1,1.0,0.9090909090909091,2,0.1,,,
399,0.14457826659849995,0.17425972294670003,0.6811405614725,595.0,Neither,200000,2.5,3,1,5,100,0.1,1.0,0.9090909090909091,2,0.1,,,
400,0.045984180659,0.071927681947,0.882066286082,596.0,Both,200000,2.5,3,1,5,100,0.1,1.0,0.9090909090909091,2,0.1,,,
401,0.15316499528000002,0.24126371106,0.605559218918,597.0,Defector,200000,3.0,3,1,5,100,0.1,1.0,0.9090909090909091,2,0.1,,,
402,0.12897678697300002,0.19943183295000003,0.6715750196200001,598.0,Loner,200000,3.0,3,1,5,100,0.1,1.0,0.9090909090909091,2,0.1,,,
403,0.134344827388,0.17746646624199997,0.688166602744,599.0,Neither,200000,3.0,3,1,5,100,0.1,1.0,0.9090909090909091,2,0.1,,,
404,0.0457217864585,0.07660828449250001,0.8776477909899999,600.0,Both,200000,3.0,3,1,5,100,0.1,1.0,0.9090909090909091,2,0.1,,,
405,0.16244437424199998,0.242371649242,0.595173293124,601.0,Defector,200000,3.5,3,1,5,100,0.1,1.0,0.9090909090909091,2,0.1,,,
406,0.03875568214100001,0.06753437271299999,0.893684703227,604.0,Both,200000,3.5,3,1,5,100,0.1,1.0,0.9090909090909091,2,0.1,,,
407,0.0,0.0,1.0,617.0,Defector,200000,0.0,3,1,5,100,0.1,1.0,0.9090909090909091,2,0.1,,,
408,0.0,0.0,1.0,618.0,Loner,200000,0.0,3,1,5,100,0.1,1.0,0.9090909090909091,2,0.1,,,
409,0.0,0.0,1.0,619.0,Neither,200000,0.0,3,1,5,100,0.1,1.0,0.9090909090909091,2,0.1,,,
410,0.0,0.0,1.0,620.0,Both,200000,0.0,3,1,5,100,0.1,1.0,0.9090909090909091,2,0.1,,,
411,0.0026717771960000003,9.330326e-06,0.9973017099999999,621.0,Defector,200000,0.5,3,1,5,100,0.1,1.0,0.9090909090909091,2,0.1,,,
412,0.0006998271419999998,3.0875538e-05,0.999264958,622.0,Loner,200000,0.5,3,1,5,100,0.1,1.0,0.9090909090909091,2,0.1,,,
413,0.0034600656519999996,1.0325455000000002e-05,0.99651062,623.0,Neither,200000,0.5,3,1,5,100,0.1,1.0,0.9090909090909091,2,0.1,,,
414,0.0005844987049999999,3.3296553e-05,0.9993780210000001,624.0,Both,200000,0.5,3,1,5,100,0.1,1.0,0.9090909090909091,2,0.1,,,
415,0.159702281386,0.079934893758,0.7603540358520001,625.0,Defector,200000,1.0,3,1,5,100,0.1,1.0,0.9090909090909091,2,0.1,,,
416,0.087976541177,0.062271068314000005,0.8497452755279999,626.0,Loner,200000,1.0,3,1,5,100,0.1,1.0,0.9090909090909091,2,0.1,,,
417,0.12364328494659999,0.08404488865800001,0.792297692302,627.0,Neither,200000,1.0,3,1,5,100,0.1,1.0,0.9090909090909091,2,0.1,,,
418,0.047353552836,0.030138136327400006,0.922503743353,628.0,Both,200000,1.0,3,1,5,100,0.1,1.0,0.9090909090909091,2,0.1,,,
419,0.13762278717499998,0.11677686254399999,0.7455928349520001,629.0,Defector,200000,1.5,3,1,5,100,0.1,1.0,0.9090909090909091,2,0.1,,,
420,0.091564632914,0.09826162904699999,0.8101675869660001,630.0,Loner,200000,1.5,3,1,5,100,0.1,1.0,0.9090909090909091,2,0.1,,,
421,0.11465036048,0.1070225305864,0.7783139157810001,631.0,Neither,200000,1.5,3,1,5,100,0.1,1.0,0.9090909090909091,2,0.1,,,
422,0.029904341809000003,0.035057326446,0.935035626739,632.0,Both,200000,1.5,3,1,5,100,0.1,1.0,0.9090909090909091,2,0.1,,,
423,0.17038320489900002,0.174018611016,0.655586463105,633.0,Defector,200000,2.0,3,1,5,100,0.1,1.0,0.9090909090909091,2,0.1,,,
424,0.12931667472099997,0.17324811753600003,0.697419355275,634.0,Loner,200000,2.0,3,1,5,100,0.1,1.0,0.9090909090909091,2,0.1,,,
425,0.16353375002599999,0.158674336413,0.6777702628989999,635.0,Neither,200000,2.0,3,1,5,100,0.1,1.0,0.9090909090909091,2,0.1,,,
426,0.04797278735599999,0.069038189434,0.882971278168,636.0,Both,200000,2.0,3,1,5,100,0.1,1.0,0.9090909090909091,2,0.1,,,
427,0.155299000178,0.221970013881,0.622719881411,637.0,Defector,200000,2.5,3,1,5,100,0.1,1.0,0.9090909090909091,2,0.1,,,
428,0.12216057601300001,0.19288248860600002,0.6849408339550002,638.0,Loner,200000,2.5,3,1,5,100,0.1,1.0,0.9090909090909091,2,0.1,,,
429,0.15439228418099998,0.1796280054104,0.665957852916,639.0,Neither,200000,2.5,3,1,5,100,0.1,1.0,0.9090909090909091,2,0.1,,,
430,0.04769679373,0.076109200147,0.8761724240069999,640.0,Both,200000,2.5,3,1,5,100,0.1,1.0,0.9090909090909091,2,0.1,,,
431,0.159446610164,0.23457282823200004,0.6059682622239999,641.0,Defector,200000,3.0,3,1,5,100,0.1,1.0,0.9090909090909091,2,0.1,,,
432,0.12839987708,0.202464784392,0.669120699,642.0,Loner,200000,3.0,3,1,5,100,0.1,1.0,0.9090909090909091,2,0.1,,,
433,0.044287419242000005,0.072708198215,0.882981055631,644.0,Both,200000,3.0,3,1,5,100,0.1,1.0,0.9090909090909091,2,0.1,,,
434,0.15094415278399997,0.26134097576399995,0.587701015308,645.0,Defector,200000,3.5,3,1,5,100,0.1,1.0,0.9090909090909091,2,0.1,,,
435,0.0,0.0,1.0,661.0,Defector,200000,0.0,3,1,5,100,0.1,1.0,0.9090909090909091,2,0.1,,,
436,0.0,0.0,1.0,662.0,Loner,200000,0.0,3,1,5,100,0.1,1.0,0.9090909090909091,2,0.1,,,
437,0.0,0.0,1.0,663.0,Neither,200000,0.0,3,1,5,100,0.1,1.0,0.9090909090909091,2,0.1,,,
438,0.0,0.0,1.0,664.0,Both,200000,0.0,3,1,5,100,0.1,1.0,0.9090909090909091,2,0.1,,,
439,0.00284656817,1.0547036000000003e-05,0.99712475,665.0,Defector,200000,0.5,3,1,5,100,0.1,1.0,0.9090909090909091,2,0.1,,,
440,0.000659097917,3.5376444e-05,0.9993010870000001,666.0,Loner,200000,0.5,3,1,5,100,0.1,1.0,0.9090909090909091,2,0.1,,,
441,0.003050732557000001,1.1428523000000002e-05,0.9969193129999999,667.0,Neither,200000,0.5,3,1,5,100,0.1,1.0,0.9090909090909091,2,0.1,,,
442,0.000682310533,3.4957414000000003e-05,0.999278129,668.0,Both,200000,0.5,3,1,5,100,0.1,1.0,0.9090909090909091,2,0.1,,,
443,0.15858367923,0.08359989213300001,0.757807831399,669.0,Defector,200000,1.0,3,1,5,100,0.1,1.0,0.9090909090909091,2,0.1,,,
444,0.086187275469,0.061414982302,0.8523905754379999,670.0,Loner,200000,1.0,3,1,5,100,0.1,1.0,0.9090909090909091,2,0.1,,,
445,0.12087636285899998,0.091952700575,0.7871563911580001,671.0,Neither,200000,1.0,3,1,5,100,0.1,1.0,0.9090909090909091,2,0.1,,,
446,0.037489768057,0.022905883550000002,0.9396006407999999,672.0,Both,200000,1.0,3,1,5,100,0.1,1.0,0.9090909090909091,2,0.1,,,
447,0.12554371813100001,0.11090658022600003,0.763542795651,673.0,Defector,200000,1.5,3,1,5,100,0.1,1.0,0.9090909090909091,2,0.1,,,
448,0.084205810012,0.09381570514499997,0.8219729175789999,674.0,Loner,200000,1.5,3,1,5,100,0.1,1.0,0.9090909090909091,2,0.1,,,
449,0.10994601656499997,0.111610941122,0.7784289357030002,675.0,Neither,200000,1.5,3,1,5,100,0.1,1.0,0.9090909090909091,2,0.1,,,
450,0.040077885179999995,0.042609424397,0.9173095733529999,676.0,Both,200000,1.5,3,1,5,100,0.1,1.0,0.9090909090909091,2,0.1,,,
451,0.179002445523,0.17684803109800004,0.644138504799,677.0,Defector,200000,2.0,3,1,5,100,0.1,1.0,0.9090909090909091,2,0.1,,,
452,0.131031296506,0.177829153425,0.691124048596,678.0,Loner,200000,2.0,3,1,5,100,0.1,1.0,0.9090909090909091,2,0.1,,,
453,0.15246169157340003,0.15834592217879997,0.6891707220586001,679.0,Neither,200000,2.0,3,1,5,100,0.1,1.0,0.9090909090909091,2,0.1,,,
454,0.05390749530800001,0.07610871175600001,0.8699662083330001,680.0,Both,200000,2.0,3,1,5,100,0.1,1.0,0.9090909090909091,2,0.1,,,
455,0.16512136744,0.22828605372599994,0.6065816072730001,681.0,Defector,200000,2.5,3,1,5,100,0.1,1.0,0.9090909090909091,2,0.1,,,
456,0.127638423767,0.18809867684499998,0.684245989991,682.0,Loner,200000,2.5,3,1,5,100,0.1,1.0,0.9090909090909091,2,0.1,,,
457,0.150594507384,0.17522254018940003,0.674161117121,683.0,Neither,200000,2.5,3,1,5,100,0.1,1.0,0.9090909090909091,2,0.1,,,
458,0.043902867514,0.080654154869,0.8754219474270001,684.0,Both,200000,2.5,3,1,5,100,0.1,1.0,0.9090909090909091,2,0.1,,,
459,0.18927158270799999,0.24315850216399998,0.567559596672,685.0,Defector,200000,3.0,3,1,5,100,0.1,1.0,0.9090909090909091,2,0.1,,,
460,0.13339629049466667,0.20131310373199998,0.6652739663706668,686.0,Loner,200000,3.0,3,1,5,100,0.1,1.0,0.9090909090909091,2,0.1,,,
461,0.1439616749174,0.16703320590940002,0.6889846456930001,687.0,Neither,200000,3.0,3,1,5,100,0.1,1.0,0.9090909090909091,2,0.1,,,
462,0.044834800577000004,0.070666411569,0.884475524627,688.0,Both,200000,3.0,3,1,5,100,0.1,1.0,0.9090909090909091,2,0.1,,,
463,0.041664358149,0.07121084193100001,0.8870996107419998,692.0,Both,200000,3.5,3,1,5,100,0.1,1.0,0.9090909090909091,2,0.1,,,
464,0.0,0.0,1.0,705.0,Defector,200000,0.0,3,1,5,100,0.1,1.0,0.9090909090909091,2,0.1,,,
465,0.0,0.0,1.0,706.0,Loner,200000,0.0,3,1,5,100,0.1,1.0,0.9090909090909091,2,0.1,,,
466,0.0,0.0,1.0,707.0,Neither,200000,0.0,3,1,5,100,0.1,1.0,0.9090909090909091,2,0.1,,,
467,0.0,0.0,1.0,708.0,Both,200000,0.0,3,1,5,100,0.1,1.0,0.9090909090909091,2,0.1,,,
468,0.0027320499170000005,8.858310000000002e-06,0.9972421330000002,709.0,Defector,200000,0.5,3,1,5,100,0.1,1.0,0.9090909090909091,2,0.1,,,
469,0.0006339360490000001,3.6852984e-05,0.9993246519999999,710.0,Loner,200000,0.5,3,1,5,100,0.1,1.0,0.9090909090909091,2,0.1,,,
470,0.0033994413140000005,8.403222999999999e-06,0.9965719090000001,711.0,Neither,200000,0.5,3,1,5,100,0.1,1.0,0.9090909090909091,2,0.1,,,
471,0.0006351150760000001,3.3513492e-05,0.999327158,712.0,Both,200000,0.5,3,1,5,100,0.1,1.0,0.9090909090909091,2,0.1,,,
472,0.139786598676,0.0833131389994,0.776891864933,713.0,Defector,200000,1.0,3,1,5,100,0.1,1.0,0.9090909090909091,2,0.1,,,
473,0.082225779442,0.05860739465,0.859159662552,714.0,Loner,200000,1.0,3,1,5,100,0.1,1.0,0.9090909090909091,2,0.1,,,
474,0.11478381471000003,0.08764367649299998,0.797558954041,715.0,Neither,200000,1.0,3,1,5,100,0.1,1.0,0.9090909090909091,2,0.1,,,
475,0.039778348273,0.021229197340000002,0.9389882005835,716.0,Both,200000,1.0,3,1,5,100,0.1,1.0,0.9090909090909091,2,0.1,,,
476,0.139300165728,0.11660566540600001,0.744087053772,717.0,Defector,200000,1.5,3,1,5,100,0.1,1.0,0.9090909090909091,2,0.1,,,
477,0.09023191049200001,0.102181732405,0.807580094242,718.0,Loner,200000,1.5,3,1,5,100,0.1,1.0,0.9090909090909091,2,0.1,,,
478,0.11635855881300002,0.11336724693320002,0.7702598415569999,719.0,Neither,200000,1.5,3,1,5,100,0.1,1.0,0.9090909090909091,2,0.1,,,
479,0.030494341391999996,0.04087371847599999,0.928628505996,720.0,Both,200000,1.5,3,1,5,100,0.1,1.0,0.9090909090909091,2,0.1,,,
480,0.165647764167,0.178863961059,0.655476998107,721.0,Defector,200000,2.0,3,1,5,100,0.1,1.0,0.9090909090909091,2,0.1,,,
481,0.13029908986499997,0.1791492539,0.690535094263,722.0,Loner,200000,2.0,3,1,5,100,0.1,1.0,0.9090909090909091,2,0.1,,,
482,0.15456626528999998,0.146582549166,0.6988290862699998,723.0,Neither,200000,2.0,3,1,5,100,0.1,1.0,0.9090909090909091,2,0.1,,,
483,0.045759647598000004,0.06533534157399999,0.8888872423740002,724.0,Both,200000,2.0,3,1,5,100,0.1,1.0,0.9090909090909091,2,0.1,,,
484,0.161851384311,0.22378826082699999,0.614348803877,725.0,Defector,200000,2.5,3,1,5,100,0.1,1.0,0.9090909090909091,2,0.1,,,
485,0.125827906642,0.19454576662000003,0.679609612622,726.0,Loner,200000,2.5,3,1,5,100,0.1,1.0,0.9090909090909091,2,0.1,,,
486,0.1574315090364,0.18756086922339996,0.654985669634,727.0,Neither,200000,2.5,3,1,5,100,0.1,1.0,0.9090909090909091,2,0.1,,,
487,0.051204801776,0.074938092108,0.873835825386,728.0,Both,200000,2.5,3,1,5,100,0.1,1.0,0.9090909090909091,2,0.1,,,
488,0.17391805871200003,0.26418402596400004,0.561885807944,729.0,Defector,200000,3.0,3,1,5,100,0.1,1.0,0.9090909090909091,2,0.1,,,
489,0.12932003417899998,0.20350460062100004,0.6671585124030001,730.0,Loner,200000,3.0,3,1,5,100,0.1,1.0,0.9090909090909091,2,0.1,,,
490,0.1349673871786,0.1765962354361,0.6884150394890001,731.0,Neither,200000,3.0,3,1,5,100,0.1,1.0,0.9090909090909091,2,0.1,,,
491,0.04434463495699999,0.07863700054,0.876995696742,732.0,Both,200000,3.0,3,1,5,100,0.1,1.0,0.9090909090909091,2,0.1,,,
492,0.15938497454000003,0.25334764800000004,0.587255475196,733.0,Defector,200000,3.5,3,1,5,100,0.1,1.0,0.9090909090909091,2,0.1,,,
493,0.0,0.0,1.0,749.0,Defector,200000,0.0,3,1,5,100,0.1,1.0,0.9090909090909091,2,0.1,,,
494,0.0,0.0,1.0,750.0,Loner,200000,0.0,3,1,5,100,0.1,1.0,0.9090909090909091,2,0.1,,,
495,0.0,0.0,1.0,751.0,Neither,200000,0.0,3,1,5,100,0.1,1.0,0.9090909090909091,2,0.1,,,
496,0.0,0.0,1.0,752.0,Both,200000,0.0,3,1,5,100,0.1,1.0,0.9090909090909091,2,0.1,,,
497,0.002544627874,9.218596e-06,0.9974296769999997,753.0,Defector,200000,0.5,3,1,5,100,0.1,1.0,0.9090909090909091,2,0.1,,,
498,0.000636857856,3.368327599999999e-05,0.999325328,754.0,Loner,200000,0.5,3,1,5,100,0.1,1.0,0.9090909090909091,2,0.1,,,
499,0.0029610834649999996,9.265511000000001e-06,0.9970114800000002,755.0,Neither,200000,0.5,3,1,5,100,0.1,1.0,0.9090909090909091,2,0.1,,,
500,0.000603338387,3.4962021e-05,0.9993575959999998,756.0,Both,200000,0.5,3,1,5,100,0.1,1.0,0.9090909090909091,2,0.1,,,
501,0.148918569144,0.0840743334156,0.766997906065,757.0,Defector,200000,1.0,3,1,5,100,0.1,1.0,0.9090909090909091,2,0.1,,,
502,0.088460636789,0.060864715305999996,0.8506668279630001,758.0,Loner,200000,1.0,3,1,5,100,0.1,1.0,0.9090909090909091,2,0.1,,,
503,0.11944469539,0.09069059678949999,0.7898499611300002,759.0,Neither,200000,1.0,3,1,5,100,0.1,1.0,0.9090909090909091,2,0.1,,,
504,0.042119997134000005,0.020983250789000003,0.936892277588,760.0,Both,200000,1.0,3,1,5,100,0.1,1.0,0.9090909090909091,2,0.1,,,
505,0.136282764507,0.11684161509450003,0.7468678334689999,761.0,Defector,200000,1.5,3,1,5,100,0.1,1.0,0.9090909090909091,2,0.1,,,
506,0.08493210138599999,0.095585049928,0.819476600161,762.0,Loner,200000,1.5,3,1,5,100,0.1,1.0,0.9090909090909091,2,0.1,,,
507,0.10495527976600003,0.09574558192999999,0.7992857033759999,763.0,Neither,200000,1.5,3,1,5,100,0.1,1.0,0.9090909090909091,2,0.1,,,
508,0.034006201755,0.040921570932,0.9250693798069999,764.0,Both,200000,1.5,3,1,5,100,0.1,1.0,0.9090909090909091,2,0.1,,,
509,0.16323745545100002,0.17941860563899997,0.6573316991079999,765.0,Defector,200000,2.0,3,1,5,100,0.1,1.0,0.9090909090909091,2,0.1,,,
510,0.130309904241,0.175585783255,0.6940891360490001,766.0,Loner,200000,2.0,3,1,5,100,0.1,1.0,0.9090909090909091,2,0.1,,,
511,0.154499342099,0.15449096008599997,0.690987193127,767.0,Neither,200000,2.0,3,1,5,100,0.1,1.0,0.9090909090909091,2,0.1,,,
512,0.04820641588099999,0.06766195456400001,0.8841141775600001,768.0,Both,200000,2.0,3,1,5,100,0.1,1.0,0.9090909090909091,2,0.1,,,
513,0.160415143175,0.23188184624499997,0.6076920176810001,769.0,Defector,200000,2.5,3,1,5,100,0.1,1.0,0.9090909090909091,2,0.1,,,
514,0.12338526542799996,0.19503026292399997,0.681568031184,770.0,Loner,200000,2.5,3,1,5,100,0.1,1.0,0.9090909090909091,2,0.1,,,
515,0.152235982917,0.18299409719800003,0.6647481219970002,771.0,Neither,200000,2.5,3,1,5,100,0.1,1.0,0.9090909090909091,2,0.1,,,
516,0.04515723342349999,0.067247535127,0.8875731625629998,772.0,Both,200000,2.5,3,1,5,100,0.1,1.0,0.9090909090909091,2,0.1,,,
517,0.145343557969,0.24916506854200002,0.6054794436669999,773.0,Defector,200000,3.0,3,1,5,100,0.1,1.0,0.9090909090909091,2,0.1,,,
518,0.133036852126,0.20741579970399998,0.6595319825879999,774.0,Loner,200000,3.0,3,1,5,100,0.1,1.0,0.9090909090909091,2,0.1,/tmpdir/job/9974553.11,0,0
519,0.126137396322,0.15437162829200002,0.7194681918560001,775.0,Neither,200000,3.0,3,1,5,100,0.1,1.0,0.9090909090909091,2,0.1,/tmpdir/job/9974553.12,0,0
520,0.0524562506465,0.0792160276875,0.8683047639089997,776.0,Both,200000,3.0,3,1,5,100,0.1,1.0,0.9090909090909091,2,0.1,,,
521,0.16315695164799998,0.285531991328,0.551299525672,777.0,Defector,200000,3.5,3,1,5,100,0.1,1.0,0.9090909090909091,2,0.1,,,
522,0.047317645501000004,0.08056193915899999,0.872094669766,780.0,Both,200000,3.5,3,1,5,100,0.1,1.0,0.9090909090909091,2,0.1,,,
523,0.0,0.0,1.0,793.0,Defector,200000,0.0,3,1,5,100,0.1,1.0,0.9090909090909091,2,0.1,,,
524,0.0,0.0,1.0,794.0,Loner,200000,0.0,3,1,5,100,0.1,1.0,0.9090909090909091,2,0.1,,,
525,0.0,0.0,1.0,795.0,Neither,200000,0.0,3,1,5,100,0.1,1.0,0.9090909090909091,2,0.1,,,
526,0.0,0.0,1.0,796.0,Both,200000,0.0,3,1,5,100,0.1,1.0,0.9090909090909091,2,0.1,,,
527,0.0027477372690000003,7.588563999999999e-06,0.997227975,797.0,Defector,200000,0.5,3,1,5,100,0.1,1.0,0.9090909090909091,2,0.1,,,
528,0.0006798520550000001,3.2991318999999996e-05,0.9992825699999999,798.0,Loner,200000,0.5,3,1,5,100,0.1,1.0,0.9090909090909091,2,0.1,,,
529,0.0034576783999999998,1.2270733e-05,0.9965106750000002,799.0,Neither,200000,0.5,3,1,5,100,0.1,1.0,0.9090909090909091,2,0.1,,,
530,0.000628331775,3.3479554e-05,0.999334043,800.0,Both,200000,0.5,3,1,5,100,0.1,1.0,0.9090909090909091,2,0.1,,,
531,0.15404378484199996,0.08096880317,0.7649792846269998,801.0,Defector,200000,1.0,3,1,5,100,0.1,1.0,0.9090909090909091,2,0.1,,,
532,0.08263678699100001,0.06160202120100001,0.8557552184930002,802.0,Loner,200000,1.0,3,1,5,100,0.1,1.0,0.9090909090909091,2,0.1,,,
533,0.12018939143899997,0.09151536925,0.7882812971099998,803.0,Neither,200000,1.0,3,1,5,100,0.1,1.0,0.9090909090909091,2,0.1,,,
534,0.04102620457,0.01942960587,0.939540210929,804.0,Both,200000,1.0,3,1,5,100,0.1,1.0,0.9090909090909091,2,0.1,,,
535,0.142774355436,0.12120138625500003,0.7360171328180001,805.0,Defector,200000,1.5,3,1,5,100,0.1,1.0,0.9090909090909091,2,0.1,,,
536,0.09373636475799998,0.10783608025,0.798420623693,806.0,Loner,200000,1.5,3,1,5,100,0.1,1.0,0.9090909090909091,2,0.1,,,
537,0.11023392018,0.098904900579,0.790847684665,807.0,Neither,200000,1.5,3,1,5,100,0.1,1.0,0.9090909090909091,2,0.1,,,
538,0.029713755321000002,0.033306133762,0.936977007957,808.0,Both,200000,1.5,3,1,5,100,0.1,1.0,0.9090909090909091,2,0.1,,,
539,0.17239023655099997,0.190326652628,0.6372721727259999,809.0,Defector,200000,2.0,3,1,5,100,0.1,1.0,0.9090909090909091,2,0.1,,,
540,0.13065437436299998,0.17825866404699997,0.6910715302120001,810.0,Loner,200000,2.0,3,1,5,100,0.1,1.0,0.9090909090909091,2,0.1,,,
541,0.155741262494,0.1511717442843,0.693065224922,811.0,Neither,200000,2.0,3,1,5,100,0.1,1.0,0.9090909090909091,2,0.1,,,
542,0.048457896064,0.07252342526700001,0.879000245521,812.0,Both,200000,2.0,3,1,5,100,0.1,1.0,0.9090909090909091,2,0.1,,,
543,0.16202233302699998,0.21821311271899999,0.6197532670260001,813.0,Defector,200000,2.5,3,1,5,100,0.1,1.0,0.9090909090909091,2,0.1,,,
544,0.1297101657305,0.191591693912,0.6786823584759999,814.0,Loner,200000,2.5,3,1,5,100,0.1,1.0,0.9090909090909091,2,0.1,,,
545,0.14942528665,0.17990398083650003,0.670648766521,815.0,Neither,200000,2.5,3,1,5,100,0.1,1.0,0.9090909090909091,2,0.1,,,
546,0.047521689916000004,0.07093519483,0.8815225954849999,816.0,Both,200000,2.5,3,1,5,100,0.1,1.0,0.9090909090909091,2,0.1,,,
547,0.15610829898599998,0.23696249991600002,0.606918401112,817.0,Defector,200000,3.0,3,1,5,100,0.1,1.0,0.9090909090909091,2,0.1,,,
548,0.129875289733,0.20639061265,0.663718055778,818.0,Loner,200000,3.0,3,1,5,100,0.1,1.0,0.9090909090909091,2,0.1,,,
549,0.149519975404,0.18550954380800003,0.6649490595840001,819.0,Neither,200000,3.0,3,1,5,100,0.1,1.0,0.9090909090909091,2,0.1,,,
550,0.04340038003,0.07063163288799999,0.8859442688459999,820.0,Both,200000,3.0,3,1,5,100,0.1,1.0,0.9090909090909091,2,0.1,,,
551,0.051628377944000006,0.07771862363200001,0.870628288228,824.0,Both,200000,3.5,3,1,5,100,0.1,1.0,0.9090909090909091,2,0.1,,,
552,0.040854256103999995,0.062852472744,0.8962677178120001,828.0,Both,200000,4.0,3,1,5,100,0.1,1.0,0.9090909090909091,2,0.1,,,
553,0.0,0.0,1.0,837.0,Defector,200000,0.0,3,1,5,100,0.1,1.0,0.9090909090909091,2,0.1,,,
554,0.0,0.0,1.0,838.0,Loner,200000,0.0,3,1,5,100,0.1,1.0,0.9090909090909091,2,0.1,,,
555,0.0,0.0,1.0,839.0,Neither,200000,0.0,3,1,5,100,0.1,1.0,0.9090909090909091,2,0.1,,,
556,0.0,0.0,1.0,840.0,Both,200000,0.0,3,1,5,100,0.1,1.0,0.9090909090909091,2,0.1,,,
557,0.003535388337,9.542704e-06,0.9964370509999999,841.0,Defector,200000,0.5,3,1,5,100,0.1,1.0,0.9090909090909091,2,0.1,,,
558,0.0006626008880000001,3.5425543e-05,0.999297457,842.0,Loner,200000,0.5,3,1,5,100,0.1,1.0,0.9090909090909091,2,0.1,,,
559,0.003388572922999999,9.845825e-06,0.9965824249999999,843.0,Neither,200000,0.5,3,1,5,100,0.1,1.0,0.9090909090909091,2,0.1,,,
560,0.000640953806,3.2448292000000004e-05,0.999322354,844.0,Both,200000,0.5,3,1,5,100,0.1,1.0,0.9090909090909091,2,0.1,,,
561,0.149172967342,0.0847453284474,0.766074378679,845.0,Defector,200000,1.0,3,1,5,100,0.1,1.0,0.9090909090909091,2,0.1,,,
562,0.08194362742299997,0.057046772692,0.8610031621659998,846.0,Loner,200000,1.0,3,1,5,100,0.1,1.0,0.9090909090909091,2,0.1,,,
563,0.11973510852399999,0.090042308025,0.7902068641100001,847.0,Neither,200000,1.0,3,1,5,100,0.1,1.0,0.9090909090909091,2,0.1,,,
564,0.042025320285,0.023852473847,0.9341183165920001,848.0,Both,200000,1.0,3,1,5,100,0.1,1.0,0.9090909090909091,2,0.1,,,
565,0.14636008384700003,0.11212485598699998,0.741507641211,849.0,Defector,200000,1.5,3,1,5,100,0.1,1.0,0.9090909090909091,2,0.1,,,
566,0.08449058819699999,0.09739569244299999,0.8181076591950002,850.0,Loner,200000,1.5,3,1,5,100,0.1,1.0,0.9090909090909091,2,0.1,,,
567,0.11035822190500001,0.104917052309,0.7847109251109999,851.0,Neither,200000,1.5,3,1,5,100,0.1,1.0,0.9090909090909091,2,0.1,,,
568,0.03303284278,0.040069097611,0.926895074519,852.0,Both,200000,1.5,3,1,5,100,0.1,1.0,0.9090909090909091,2,0.1,,,
569,0.18193077188300003,0.18391048212300004,0.6341473254689999,853.0,Defector,200000,2.0,3,1,5,100,0.1,1.0,0.9090909090909091,2,0.1,,,
570,0.132992212478,0.17574489234100002,0.691248364474,854.0,Loner,200000,2.0,3,1,5,100,0.1,1.0,0.9090909090909091,2,0.1,,,
571,0.16255605220649996,0.1581688600124,0.679251888099,855.0,Neither,200000,2.0,3,1,5,100,0.1,1.0,0.9090909090909091,2,0.1,,,
572,0.04837215571500001,0.066523357066,0.8850868525849999,856.0,Both,200000,2.0,3,1,5,100,0.1,1.0,0.9090909090909091,2,0.1,,,
573,0.1605423054273,0.20870396256829998,0.6307431451670001,857.0,Defector,200000,2.5,3,1,5,100,0.1,1.0,0.9090909090909091,2,0.1,,,
574,0.13313929762499999,0.19426248327899998,0.6725818887660002,858.0,Loner,200000,2.5,3,1,5,100,0.1,1.0,0.9090909090909091,2,0.1,,,
575,0.13870294917100004,0.17043773663829997,0.6908374997340001,859.0,Neither,200000,2.5,3,1,5,100,0.1,1.0,0.9090909090909091,2,0.1,,,
576,0.04933370116600001,0.083578585371,0.867066562025,860.0,Both,200000,2.5,3,1,5,100,0.1,1.0,0.9090909090909091,2,0.1,,,
577,0.15469728660399998,0.2534215342146667,0.591868922652,861.0,Defector,200000,3.0,3,1,5,100,0.1,1.0,0.9090909090909091,2,0.1,,,
578,0.12915799927300003,0.19360155795899994,0.677224367328,862.0,Loner,200000,3.0,3,1,5,100,0.1,1.0,0.9090909090909091,2,0.1,,,
579,0.15500331722639998,0.1700474348685,0.674928068071,863.0,Neither,200000,3.0,3,1,5,100,0.1,1.0,0.9090909090909091,2,0.1,,,
580,0.0546279197,0.082502454626,0.8628451020739999,864.0,Both,200000,3.0,3,1,5,100,0.1,1.0,0.9090909090909091,2,0.1,,,
581,0.050234816004,0.08103871088,0.8687008554039999,868.0,Both,200000,3.5,3,1,5,100,0.1,1.0,0.9090909090909091,2,0.1,,,
