,C,D,L,uid,_destination_path,social_norm,t,c,r,sigma,n,N,epsilon1,epsilon2,omega,alpha,beta,p,zeta
0,0.0,0.0,1.0,1.0,/tmpdir/job/37847.1,Defector,200000,0.0,3,1,5,100,0.1,1.0,0.9090909090909091,0,0,2,0.1
1,0.0,0.0,1.0,2.0,/tmpdir/job/37847.2,Loner,200000,0.0,3,1,5,100,0.1,1.0,0.9090909090909091,0,0,2,0.1
2,0.0,0.0,1.0,3.0,/tmpdir/job/37847.3,Neither,200000,0.0,3,1,5,100,0.1,1.0,0.9090909090909091,0,0,2,0.1
3,0.0,0.0,1.0,4.0,/tmpdir/job/37847.4,Both,200000,0.0,3,1,5,100,0.1,1.0,0.9090909090909091,0,0,2,0.1
4,0.0025095362149999997,8.743287999999999e-06,0.9974654809999999,5.0,/tmpdir/job/37847.5,Defector,200000,0.5,3,1,5,100,0.1,1.0,0.9090909090909091,0,0,2,0.1
5,0.0006418498149999999,3.2827362999999996e-05,0.9993210179999997,6.0,/tmpdir/job/37847.6,Loner,200000,0.5,3,1,5,100,0.1,1.0,0.9090909090909091,0,0,2,0.1
6,0.003024315234,1.0553561000000002e-05,0.996946276,7.0,/tmpdir/job/37847.7,Neither,200000,0.5,3,1,5,100,0.1,1.0,0.9090909090909091,0,0,2,0.1
7,0.000645246738,3.4298865e-05,0.9993162770000001,8.0,/tmpdir/job/37847.8,Both,200000,0.5,3,1,5,100,0.1,1.0,0.9090909090909091,0,0,2,0.1
8,0.1491910892745,0.081654574558,0.769146045313,9.0,/tmpdir/job/37847.9,Defector,200000,1.0,3,1,5,100,0.1,1.0,0.9090909090909091,0,0,2,0.1
9,0.09011879998900002,0.06447862118299999,0.8453952252580001,10.0,/tmpdir/job/37847.10,Loner,200000,1.0,3,1,5,100,0.1,1.0,0.9090909090909091,0,0,2,0.1
10,0.110501920213,0.0838981906493,0.8055850612,11.0,/tmpdir/job/37847.11,Neither,200000,1.0,3,1,5,100,0.1,1.0,0.9090909090909091,0,0,2,0.1
11,0.040887430877,0.020191730516,0.9389167136700001,12.0,/tmpdir/job/37847.12,Both,200000,1.0,3,1,5,100,0.1,1.0,0.9090909090909091,0,0,2,0.1
12,0.134546492094,0.11393852129499997,0.7515085388760002,13.0,/tmpdir/job/37847.13,Defector,200000,1.5,3,1,5,100,0.1,1.0,0.9090909090909091,0,0,2,0.1
13,0.08226655731,0.09138732911700001,0.826340575677,14.0,/tmpdir/job/37847.14,Loner,200000,1.5,3,1,5,100,0.1,1.0,0.9090909090909091,0,0,2,0.1
14,0.121849311975,0.10399917161339997,0.774138734748,15.0,/tmpdir/job/37847.15,Neither,200000,1.5,3,1,5,100,0.1,1.0,0.9090909090909091,0,0,2,0.1
15,0.033274773931,0.037857144361,0.928865137556,16.0,/tmpdir/job/37847.16,Both,200000,1.5,3,1,5,100,0.1,1.0,0.9090909090909091,0,0,2,0.1
16,0.16911179164799997,0.180542165367,0.650334445633,17.0,/tmpdir/job/37847.17,Defector,200000,2.0,3,1,5,100,0.1,1.0,0.9090909090909091,0,0,2,0.1
17,0.13111420919300001,0.18204982865600003,0.6868200540300001,18.0,/tmpdir/job/37847.18,Loner,200000,2.0,3,1,5,100,0.1,1.0,0.9090909090909091,0,0,2,0.1
18,0.1524399542664,0.15090524396499996,0.6966324706220001,19.0,/tmpdir/job/37847.19,Neither,200000,2.0,3,1,5,100,0.1,1.0,0.9090909090909091,0,0,2,0.1
19,0.049384198969,0.065615453259,0.8849823428150002,20.0,/tmpdir/job/37847.20,Both,200000,2.0,3,1,5,100,0.1,1.0,0.9090909090909091,0,0,2,0.1
20,0.132643085595,0.194975530698,0.6723651963479998,22.0,/tmpdir/job/37847.22,Loner,200000,2.5,3,1,5,100,0.1,1.0,0.9090909090909091,0,0,2,0.1
21,0.136592496725,0.17154573847300003,0.6918401258099999,23.0,/tmpdir/job/37847.23,Neither,200000,2.5,3,1,5,100,0.1,1.0,0.9090909090909091,0,0,2,0.1
22,0.047032357131,0.07456193447699999,0.878384717523,24.0,/tmpdir/job/37847.24,Both,200000,2.5,3,1,5,100,0.1,1.0,0.9090909090909091,0,0,2,0.1
23,0.142612902028,0.232171406788,0.625204861934,25.0,/tmpdir/job/37847.25,Defector,200000,3.0,3,1,5,100,0.1,1.0,0.9090909090909091,0,0,2,0.1
24,0.134045574056,0.203829408296,0.66210963292,26.0,/tmpdir/job/37847.26,Loner,200000,3.0,3,1,5,100,0.1,1.0,0.9090909090909091,0,0,2,0.1
25,0.15525131519200003,0.1843095610626667,0.6604189383906668,27.0,/tmpdir/job/37847.27,Neither,200000,3.0,3,1,5,100,0.1,1.0,0.9090909090909091,0,0,2,0.1
26,0.04286867083733333,0.07225830560666667,0.884851054904,28.0,/tmpdir/job/37847.28,Both,200000,3.0,3,1,5,100,0.1,1.0,0.9090909090909091,0,0,2,0.1
27,0.0,0.0,1.0,29.0,/tmpdir/job/37847.29,Defector,200000,0.0,3,1,5,100,0.1,1.0,0.9090909090909091,0,0,2,0.1
28,0.0,0.0,1.0,30.0,/tmpdir/job/37847.30,Loner,200000,0.0,3,1,5,100,0.1,1.0,0.9090909090909091,0,0,2,0.1
29,0.0,0.0,1.0,31.0,/tmpdir/job/37847.31,Neither,200000,0.0,3,1,5,100,0.1,1.0,0.9090909090909091,0,0,2,0.1
30,0.0,0.0,1.0,32.0,/tmpdir/job/37847.32,Both,200000,0.0,3,1,5,100,0.1,1.0,0.9090909090909091,0,0,2,0.1
31,0.0038335920599999996,1.1903129e-05,0.9961345319999999,33.0,/tmpdir/job/37847.33,Defector,200000,0.5,3,1,5,100,0.1,1.0,0.9090909090909091,0,0,2,0.1
32,0.0007840741469999999,3.3576529e-05,0.9991772820000001,34.0,/tmpdir/job/37847.34,Loner,200000,0.5,3,1,5,100,0.1,1.0,0.9090909090909091,0,0,2,0.1
33,0.0031995722750000006,1.0673907e-05,0.9967710709999998,35.0,/tmpdir/job/37847.35,Neither,200000,0.5,3,1,5,100,0.1,1.0,0.9090909090909091,0,0,2,0.1
34,0.0006479938900000002,3.4039295999999993e-05,0.9993139149999999,36.0,/tmpdir/job/37847.36,Both,200000,0.5,3,1,5,100,0.1,1.0,0.9090909090909091,0,0,2,0.1
35,0.157380199502,0.076969533638,0.765641590317,37.0,/tmpdir/job/37847.37,Defector,200000,1.0,3,1,5,100,0.1,1.0,0.9090909090909091,0,0,2,0.1
36,0.081365443322,0.05333555013099999,0.8652922379839999,38.0,/tmpdir/job/37847.38,Loner,200000,1.0,3,1,5,100,0.1,1.0,0.9090909090909091,0,0,2,0.1
37,0.12019390246899998,0.090654137507,0.789138901908,39.0,/tmpdir/job/37847.39,Neither,200000,1.0,3,1,5,100,0.1,1.0,0.9090909090909091,0,0,2,0.1
38,0.043001130571999995,0.018130055607,0.938864121789,40.0,/tmpdir/job/37847.40,Both,200000,1.0,3,1,5,100,0.1,1.0,0.9090909090909091,0,0,2,0.1
39,0.140344529933,0.12397607306499998,0.735672656635,41.0,/tmpdir/job/37847.41,Defector,200000,1.5,3,1,5,100,0.1,1.0,0.9090909090909091,0,0,2,0.1
40,0.082435617715,0.08746124375299998,0.8300979964549999,42.0,/tmpdir/job/37847.42,Loner,200000,1.5,3,1,5,100,0.1,1.0,0.9090909090909091,0,0,2,0.1
41,0.10427118952650002,0.097924672536,0.797790455696,43.0,/tmpdir/job/37847.43,Neither,200000,1.5,3,1,5,100,0.1,1.0,0.9090909090909091,0,0,2,0.1
42,0.036170269005000005,0.040945262204,0.9228812315789998,44.0,/tmpdir/job/37847.44,Both,200000,1.5,3,1,5,100,0.1,1.0,0.9090909090909091,0,0,2,0.1
43,0.16336318682800002,0.179354140147,0.6572709216229999,45.0,/tmpdir/job/37847.45,Defector,200000,2.0,3,1,5,100,0.1,1.0,0.9090909090909091,0,0,2,0.1
44,0.128777929809,0.17417428613699998,0.6970320687309999,46.0,/tmpdir/job/37847.46,Loner,200000,2.0,3,1,5,100,0.1,1.0,0.9090909090909091,0,0,2,0.1
45,0.16203450033,0.154085454919,0.683859045423,47.0,/tmpdir/job/37847.47,Neither,200000,2.0,3,1,5,100,0.1,1.0,0.9090909090909091,0,0,2,0.1
46,0.044528900378999994,0.064110435219,0.8913431372469999,48.0,/tmpdir/job/37847.48,Both,200000,2.0,3,1,5,100,0.1,1.0,0.9090909090909091,0,0,2,0.1
47,0.16846481567899999,0.22945238104999996,0.6020707503459999,49.0,/tmpdir/job/37847.49,Defector,200000,2.5,3,1,5,100,0.1,1.0,0.9090909090909091,0,0,2,0.1
48,0.12482132547199998,0.18547134156133335,0.6896909799706668,50.0,/tmpdir/job/37847.50,Loner,200000,2.5,3,1,5,100,0.1,1.0,0.9090909090909091,0,0,2,0.1
49,0.149008152038,0.174981431233,0.6759882232209999,51.0,/tmpdir/job/37847.51,Neither,200000,2.5,3,1,5,100,0.1,1.0,0.9090909090909091,0,0,2,0.1
50,0.045185873192,0.06882717697400001,0.8859661194339999,52.0,/tmpdir/job/37847.52,Both,200000,2.5,3,1,5,100,0.1,1.0,0.9090909090909091,0,0,2,0.1
51,0.152185027633,0.24924724443700005,0.598555559572,53.0,/tmpdir/job/37847.53,Defector,200000,3.0,3,1,5,100,0.1,1.0,0.9090909090909091,0,0,2,0.1
52,0.15087156524739997,0.1727310561744,0.676376557682,55.0,/tmpdir/job/37847.55,Neither,200000,3.0,3,1,5,100,0.1,1.0,0.9090909090909091,0,0,2,0.1
53,0.0,0.0,1.0,57.0,/tmpdir/job/37847.57,Defector,200000,0.0,3,1,5,100,0.1,1.0,0.9090909090909091,0,0,2,0.1
54,0.0,0.0,1.0,58.0,/tmpdir/job/37847.58,Loner,200000,0.0,3,1,5,100,0.1,1.0,0.9090909090909091,0,0,2,0.1
55,0.0,0.0,1.0,59.0,/tmpdir/job/37847.59,Neither,200000,0.0,3,1,5,100,0.1,1.0,0.9090909090909091,0,0,2,0.1
56,0.0,0.0,1.0,60.0,/tmpdir/job/37847.60,Both,200000,0.0,3,1,5,100,0.1,1.0,0.9090909090909091,0,0,2,0.1
57,0.003277686286,9.182507e-06,0.996694026,61.0,/tmpdir/job/37847.61,Defector,200000,0.5,3,1,5,100,0.1,1.0,0.9090909090909091,0,0,2,0.1
58,0.0007114261970000001,3.5790184999999994e-05,0.9992481920000001,62.0,/tmpdir/job/37847.62,Loner,200000,0.5,3,1,5,100,0.1,1.0,0.9090909090909091,0,0,2,0.1
59,0.0023077806439999998,9.047612999999998e-06,0.9976685939999999,63.0,/tmpdir/job/37847.63,Neither,200000,0.5,3,1,5,100,0.1,1.0,0.9090909090909091,0,0,2,0.1
60,0.0005722681329999999,3.1405428999999995e-05,0.9993926629999998,64.0,/tmpdir/job/37847.64,Both,200000,0.5,3,1,5,100,0.1,1.0,0.9090909090909091,0,0,2,0.1
61,0.160595787461,0.08670725868760003,0.7526889090910001,65.0,/tmpdir/job/37847.65,Defector,200000,1.0,3,1,5,100,0.1,1.0,0.9090909090909091,0,0,2,0.1
62,0.080481729187,0.05467012639299999,0.8648421204089999,66.0,/tmpdir/job/37847.66,Loner,200000,1.0,3,1,5,100,0.1,1.0,0.9090909090909091,0,0,2,0.1
63,0.12050706871100002,0.08740203959500001,0.7920764267729998,67.0,/tmpdir/job/37847.67,Neither,200000,1.0,3,1,5,100,0.1,1.0,0.9090909090909091,0,0,2,0.1
64,0.041381084867,0.023974654596699996,0.9346398278560001,68.0,/tmpdir/job/37847.68,Both,200000,1.0,3,1,5,100,0.1,1.0,0.9090909090909091,0,0,2,0.1
65,0.1337555361,0.122153206216,0.744084078801,69.0,/tmpdir/job/37847.69,Defector,200000,1.5,3,1,5,100,0.1,1.0,0.9090909090909091,0,0,2,0.1
66,0.08331939986300002,0.09789861487399999,0.8187751196590001,70.0,/tmpdir/job/37847.70,Loner,200000,1.5,3,1,5,100,0.1,1.0,0.9090909090909091,0,0,2,0.1
67,0.11584039833560002,0.11260373954400002,0.7715422849550001,71.0,/tmpdir/job/37847.71,Neither,200000,1.5,3,1,5,100,0.1,1.0,0.9090909090909091,0,0,2,0.1
68,0.038516233393,0.040238331239999994,0.9212421028159999,72.0,/tmpdir/job/37847.72,Both,200000,1.5,3,1,5,100,0.1,1.0,0.9090909090909091,0,0,2,0.1
69,0.169937508169,0.178284207222,0.651766229575,73.0,/tmpdir/job/37847.73,Defector,200000,2.0,3,1,5,100,0.1,1.0,0.9090909090909091,0,0,2,0.1
70,0.13450004313900002,0.17710976766800002,0.6883734980030002,74.0,/tmpdir/job/37847.74,Loner,200000,2.0,3,1,5,100,0.1,1.0,0.9090909090909091,0,0,2,0.1
71,0.154242815956,0.1572702667927,0.6884645199259999,75.0,/tmpdir/job/37847.75,Neither,200000,2.0,3,1,5,100,0.1,1.0,0.9090909090909091,0,0,2,0.1
72,0.045312843453,0.063749924882,0.890919310324,76.0,/tmpdir/job/37847.76,Both,200000,2.0,3,1,5,100,0.1,1.0,0.9090909090909091,0,0,2,0.1
73,0.165614185461,0.219703406711,0.614670942464,77.0,/tmpdir/job/37847.77,Defector,200000,2.5,3,1,5,100,0.1,1.0,0.9090909090909091,0,0,2,0.1
74,0.12668941403300002,0.190935704511,0.682358412121,78.0,/tmpdir/job/37847.78,Loner,200000,2.5,3,1,5,100,0.1,1.0,0.9090909090909091,0,0,2,0.1
75,0.150767061806,0.18017650148199998,0.6690350497199999,79.0,/tmpdir/job/37847.79,Neither,200000,2.5,3,1,5,100,0.1,1.0,0.9090909090909091,0,0,2,0.1
76,0.04745377494499999,0.07111036912200001,0.8814153412,80.0,/tmpdir/job/37847.80,Both,200000,2.5,3,1,5,100,0.1,1.0,0.9090909090909091,0,0,2,0.1
77,0.04369380329,0.07452003172400001,0.8817626895709999,84.0,/tmpdir/job/37847.84,Both,200000,3.0,3,1,5,100,0.1,1.0,0.9090909090909091,0,0,2,0.1
78,0.0,0.0,1.0,85.0,/tmpdir/job/37847.85,Defector,200000,0.0,3,1,5,100,0.1,1.0,0.9090909090909091,0,0,2,0.1
79,0.0,0.0,1.0,86.0,/tmpdir/job/37847.86,Loner,200000,0.0,3,1,5,100,0.1,1.0,0.9090909090909091,0,0,2,0.1
80,0.0,0.0,1.0,87.0,/tmpdir/job/37847.87,Neither,200000,0.0,3,1,5,100,0.1,1.0,0.9090909090909091,0,0,2,0.1
81,0.0,0.0,1.0,88.0,/tmpdir/job/37847.88,Both,200000,0.0,3,1,5,100,0.1,1.0,0.9090909090909091,0,0,2,0.1
82,0.0029283197114999995,1.04168e-05,0.9970435649999999,89.0,/tmpdir/job/37847.89,Defector,200000,0.5,3,1,5,100,0.1,1.0,0.9090909090909091,0,0,2,0.1
83,0.0007003663209999999,3.5865155999999996e-05,0.9992593120000001,90.0,/tmpdir/job/37847.90,Loner,200000,0.5,3,1,5,100,0.1,1.0,0.9090909090909091,0,0,2,0.1
84,0.0030822473740000004,9.895746000000002e-06,0.9968894930000001,91.0,/tmpdir/job/37847.91,Neither,200000,0.5,3,1,5,100,0.1,1.0,0.9090909090909091,0,0,2,0.1
85,0.0005345454140000001,3.0465736000000004e-05,0.9994315689999999,92.0,/tmpdir/job/37847.92,Both,200000,0.5,3,1,5,100,0.1,1.0,0.9090909090909091,0,0,2,0.1
86,0.15316263480499998,0.087607011408,0.7592223432699999,93.0,/tmpdir/job/37847.93,Defector,200000,1.0,3,1,5,100,0.1,1.0,0.9090909090909091,0,0,2,0.1
87,0.077837165503,0.053274050255000004,0.868882651534,94.0,/tmpdir/job/37847.94,Loner,200000,1.0,3,1,5,100,0.1,1.0,0.9090909090909091,0,0,2,0.1
88,0.12109911563300002,0.09150337778699998,0.7873824730009998,95.0,/tmpdir/job/37847.95,Neither,200000,1.0,3,1,5,100,0.1,1.0,0.9090909090909091,0,0,2,0.1
89,0.04174011445299999,0.020876219708,0.9373793679820002,96.0,/tmpdir/job/37847.96,Both,200000,1.0,3,1,5,100,0.1,1.0,0.9090909090909091,0,0,2,0.1
90,0.134506691593,0.1182926306896,0.747193834925,97.0,/tmpdir/job/37847.97,Defector,200000,1.5,3,1,5,100,0.1,1.0,0.9090909090909091,0,0,2,0.1
91,0.08629525602400001,0.09764023249899999,0.8160581638389999,98.0,/tmpdir/job/37847.98,Loner,200000,1.5,3,1,5,100,0.1,1.0,0.9090909090909091,0,0,2,0.1
92,0.10698332023799997,0.109088525695,0.783914275279,99.0,/tmpdir/job/37847.99,Neither,200000,1.5,3,1,5,100,0.1,1.0,0.9090909090909091,0,0,2,0.1
93,0.035332102676,0.03898365900299999,0.925680798201,100.0,/tmpdir/job/37847.100,Both,200000,1.5,3,1,5,100,0.1,1.0,0.9090909090909091,0,0,2,0.1
94,0.17313406455599997,0.185798065316,0.641056283221,101.0,/tmpdir/job/37847.101,Defector,200000,2.0,3,1,5,100,0.1,1.0,0.9090909090909091,0,0,2,0.1
95,0.1310244296304,0.17382535583599998,0.6951347530270001,102.0,/tmpdir/job/37847.102,Loner,200000,2.0,3,1,5,100,0.1,1.0,0.9090909090909091,0,0,2,0.1
96,0.16297401403,0.1544627839101,0.6825415687729999,103.0,/tmpdir/job/37847.103,Neither,200000,2.0,3,1,5,100,0.1,1.0,0.9090909090909091,0,0,2,0.1
97,0.04987525862699999,0.069794156394,0.8803129542510001,104.0,/tmpdir/job/37847.104,Both,200000,2.0,3,1,5,100,0.1,1.0,0.9090909090909091,0,0,2,0.1
98,0.159666615901,0.22629103461800004,0.614030248878,105.0,/tmpdir/job/37847.105,Defector,200000,2.5,3,1,5,100,0.1,1.0,0.9090909090909091,0,0,2,0.1
99,0.12648470076,0.195198062176,0.678300528828,106.0,/tmpdir/job/37847.106,Loner,200000,2.5,3,1,5,100,0.1,1.0,0.9090909090909091,0,0,2,0.1
100,0.169128431685,0.1715012806606,0.6593491364226,107.0,/tmpdir/job/37847.107,Neither,200000,2.5,3,1,5,100,0.1,1.0,0.9090909090909091,0,0,2,0.1
101,0.04128869775400001,0.072495224456,0.886194900213,108.0,/tmpdir/job/37847.108,Both,200000,2.5,3,1,5,100,0.1,1.0,0.9090909090909091,0,0,2,0.1
102,0.04769717674300001,0.08040841687900001,0.8718710249650001,112.0,/tmpdir/job/37847.112,Both,200000,3.0,3,1,5,100,0.1,1.0,0.9090909090909091,0,0,2,0.1
103,0.0,0.0,1.0,113.0,/tmpdir/job/37847.113,Defector,200000,0.0,3,1,5,100,0.1,1.0,0.9090909090909091,0,0,2,0.1
104,0.0,0.0,1.0,114.0,/tmpdir/job/37847.114,Loner,200000,0.0,3,1,5,100,0.1,1.0,0.9090909090909091,0,0,2,0.1
105,0.0,0.0,1.0,115.0,/tmpdir/job/37847.115,Neither,200000,0.0,3,1,5,100,0.1,1.0,0.9090909090909091,0,0,2,0.1
106,0.0,0.0,1.0,116.0,/tmpdir/job/37847.116,Both,200000,0.0,3,1,5,100,0.1,1.0,0.9090909090909091,0,0,2,0.1
107,0.0035781536269999994,9.442085000000001e-06,0.9963936609999998,117.0,/tmpdir/job/37847.117,Defector,200000,0.5,3,1,5,100,0.1,1.0,0.9090909090909091,0,0,2,0.1
108,0.000616531757,3.324792300000001e-05,0.9993458029999999,118.0,/tmpdir/job/37847.118,Loner,200000,0.5,3,1,5,100,0.1,1.0,0.9090909090909091,0,0,2,0.1
109,0.002938555377,1.0777988000000001e-05,0.997032846,119.0,/tmpdir/job/37847.119,Neither,200000,0.5,3,1,5,100,0.1,1.0,0.9090909090909091,0,0,2,0.1
110,0.0005728104780000001,3.436698e-05,0.9993887920000001,120.0,/tmpdir/job/37847.120,Both,200000,0.5,3,1,5,100,0.1,1.0,0.9090909090909091,0,0,2,0.1
111,0.14408162890999998,0.074069384509,0.781840387734,121.0,/tmpdir/job/37847.121,Defector,200000,1.0,3,1,5,100,0.1,1.0,0.9090909090909091,0,0,2,0.1
112,0.09279321754799999,0.067635202599,0.839564169706,122.0,/tmpdir/job/37847.122,Loner,200000,1.0,3,1,5,100,0.1,1.0,0.9090909090909091,0,0,2,0.1
113,0.121412888658,0.092013174886,0.7865590729790001,123.0,/tmpdir/job/37847.123,Neither,200000,1.0,3,1,5,100,0.1,1.0,0.9090909090909091,0,0,2,0.1
114,0.038073809629,0.021112297986000002,0.940810051114,124.0,/tmpdir/job/37847.124,Both,200000,1.0,3,1,5,100,0.1,1.0,0.9090909090909091,0,0,2,0.1
115,0.13491900609200003,0.123253377799,0.741820327887,125.0,/tmpdir/job/37847.125,Defector,200000,1.5,3,1,5,100,0.1,1.0,0.9090909090909091,0,0,2,0.1
116,0.08706657785,0.09912496043199999,0.81380279767,126.0,/tmpdir/job/37847.126,Loner,200000,1.5,3,1,5,100,0.1,1.0,0.9090909090909091,0,0,2,0.1
117,0.11789983182500002,0.109086378035,0.773000056051,127.0,/tmpdir/job/37847.127,Neither,200000,1.5,3,1,5,100,0.1,1.0,0.9090909090909091,0,0,2,0.1
118,0.03228044732899999,0.035953119209,0.931763760108,128.0,/tmpdir/job/37847.128,Both,200000,1.5,3,1,5,100,0.1,1.0,0.9090909090909091,0,0,2,0.1
119,0.171095127689,0.173530440286,0.6553623595639999,129.0,/tmpdir/job/37847.129,Defector,200000,2.0,3,1,5,100,0.1,1.0,0.9090909090909091,0,0,2,0.1
120,0.127073197065,0.17116239743499997,0.701748968896,130.0,/tmpdir/job/37847.130,Loner,200000,2.0,3,1,5,100,0.1,1.0,0.9090909090909091,0,0,2,0.1
121,0.155378948435,0.15639724609,0.6882018771189999,131.0,/tmpdir/job/37847.131,Neither,200000,2.0,3,1,5,100,0.1,1.0,0.9090909090909091,0,0,2,0.1
122,0.04676574976299999,0.066640121097,0.886577176097,132.0,/tmpdir/job/37847.132,Both,200000,2.0,3,1,5,100,0.1,1.0,0.9090909090909091,0,0,2,0.1
123,0.16422541152999998,0.227095222612,0.6086680887489999,133.0,/tmpdir/job/37847.133,Defector,200000,2.5,3,1,5,100,0.1,1.0,0.9090909090909091,0,0,2,0.1
124,0.128806629621,0.196208690074,0.674969050811,134.0,/tmpdir/job/37847.134,Loner,200000,2.5,3,1,5,100,0.1,1.0,0.9090909090909091,0,0,2,0.1
125,0.14746870887500002,0.1726606639516,0.679848892999,135.0,/tmpdir/job/37847.135,Neither,200000,2.5,3,1,5,100,0.1,1.0,0.9090909090909091,0,0,2,0.1
126,0.04583099204300001,0.068183646167,0.88596385126,136.0,/tmpdir/job/37847.136,Both,200000,2.5,3,1,5,100,0.1,1.0,0.9090909090909091,0,0,2,0.1
127,0.157035338212,0.25494901585899993,0.5880033204480001,137.0,/tmpdir/job/37847.137,Defector,200000,3.0,3,1,5,100,0.1,1.0,0.9090909090909091,0,0,2,0.1
128,0.04306566799700001,0.07022096658799999,0.8866898364629999,140.0,/tmpdir/job/37847.140,Both,200000,3.0,3,1,5,100,0.1,1.0,0.9090909090909091,0,0,2,0.1
129,0.0,0.0,1.0,141.0,/tmpdir/job/37847.141,Defector,200000,0.0,3,1,5,100,0.1,1.0,0.9090909090909091,0,0,2,0.1
130,0.0,0.0,1.0,142.0,/tmpdir/job/37847.142,Loner,200000,0.0,3,1,5,100,0.1,1.0,0.9090909090909091,0,0,2,0.1
131,0.0,0.0,1.0,143.0,/tmpdir/job/37847.143,Neither,200000,0.0,3,1,5,100,0.1,1.0,0.9090909090909091,0,0,2,0.1
132,0.0,0.0,1.0,144.0,/tmpdir/job/37847.144,Both,200000,0.0,3,1,5,100,0.1,1.0,0.9090909090909091,0,0,2,0.1
133,0.0029904959759999997,1.0207783999999997e-05,0.9969811999999999,145.0,/tmpdir/job/37847.145,Defector,200000,0.5,3,1,5,100,0.1,1.0,0.9090909090909091,0,0,2,0.1
134,0.000628834232,3.1089634e-05,0.9993359230000001,146.0,/tmpdir/job/37847.146,Loner,200000,0.5,3,1,5,100,0.1,1.0,0.9090909090909091,0,0,2,0.1
135,0.0031638578040000006,9.495049e-06,0.9968083920000002,147.0,/tmpdir/job/37847.147,Neither,200000,0.5,3,1,5,100,0.1,1.0,0.9090909090909091,0,0,2,0.1
136,0.000697942283,3.489396199999999e-05,0.999262399,148.0,/tmpdir/job/37847.148,Both,200000,0.5,3,1,5,100,0.1,1.0,0.9090909090909091,0,0,2,0.1
137,0.15316537048,0.077863796545,0.7689620358270001,149.0,/tmpdir/job/37847.149,Defector,200000,1.0,3,1,5,100,0.1,1.0,0.9090909090909091,0,0,2,0.1
138,0.081520928046,0.058547611411,0.8599250188180001,150.0,/tmpdir/job/37847.150,Loner,200000,1.0,3,1,5,100,0.1,1.0,0.9090909090909091,0,0,2,0.1
139,0.12955638178499998,0.093641624811,0.77678719577,151.0,/tmpdir/job/37847.151,Neither,200000,1.0,3,1,5,100,0.1,1.0,0.9090909090909091,0,0,2,0.1
140,0.040584675533,0.023217777539999998,0.936193481409,152.0,/tmpdir/job/37847.152,Both,200000,1.0,3,1,5,100,0.1,1.0,0.9090909090909091,0,0,2,0.1
141,0.142443525906,0.110583659119,0.74696583715,153.0,/tmpdir/job/37847.153,Defector,200000,1.5,3,1,5,100,0.1,1.0,0.9090909090909091,0,0,2,0.1
142,0.08454042188000001,0.09803498863360002,0.817417830335,154.0,/tmpdir/job/37847.154,Loner,200000,1.5,3,1,5,100,0.1,1.0,0.9090909090909091,0,0,2,0.1
143,0.11004094141300001,0.09828374641,0.7916615354950002,155.0,/tmpdir/job/37847.155,Neither,200000,1.5,3,1,5,100,0.1,1.0,0.9090909090909091,0,0,2,0.1
144,0.034898809987,0.041267833058,0.9238298739600002,156.0,/tmpdir/job/37847.156,Both,200000,1.5,3,1,5,100,0.1,1.0,0.9090909090909091,0,0,2,0.1
145,0.131222792077,0.176445315489,0.6923160026730001,158.0,/tmpdir/job/37847.158,Loner,200000,2.0,3,1,5,100,0.1,1.0,0.9090909090909091,0,0,2,0.1
146,0.164858209413,0.1662271145983,0.6688922180449999,159.0,/tmpdir/job/37847.159,Neither,200000,2.0,3,1,5,100,0.1,1.0,0.9090909090909091,0,0,2,0.1
147,0.052695623711,0.064214145132,0.8830713305360001,160.0,/tmpdir/job/37847.160,Both,200000,2.0,3,1,5,100,0.1,1.0,0.9090909090909091,0,0,2,0.1
148,0.153695827841,0.22054119820800003,0.625751940237,161.0,/tmpdir/job/37847.161,Defector,200000,2.5,3,1,5,100,0.1,1.0,0.9090909090909091,0,0,2,0.1
149,0.12125365947600002,0.190671657364,0.688058044887,162.0,/tmpdir/job/37847.162,Loner,200000,2.5,3,1,5,100,0.1,1.0,0.9090909090909091,0,0,2,0.1
150,0.16487033259199999,0.17529896845700002,0.6598090253939999,163.0,/tmpdir/job/37847.163,Neither,200000,2.5,3,1,5,100,0.1,1.0,0.9090909090909091,0,0,2,0.1
151,0.15417256709466667,0.24334776644533335,0.6024685276253332,165.0,/tmpdir/job/37847.165,Defector,200000,3.0,3,1,5,100,0.1,1.0,0.9090909090909091,0,0,2,0.1
152,0.15091107123150002,0.17054182484909997,0.6785262642500001,167.0,/tmpdir/job/37847.167,Neither,200000,3.0,3,1,5,100,0.1,1.0,0.9090909090909091,0,0,2,0.1
153,0.044666491812000005,0.07334903252800001,0.881960656416,168.0,/tmpdir/job/37847.168,Both,200000,3.0,3,1,5,100,0.1,1.0,0.9090909090909091,0,0,2,0.1
154,0.0,0.0,1.0,169.0,/tmpdir/job/37847.169,Defector,200000,0.0,3,1,5,100,0.1,1.0,0.9090909090909091,0,0,2,0.1
155,0.0,0.0,1.0,170.0,/tmpdir/job/37847.170,Loner,200000,0.0,3,1,5,100,0.1,1.0,0.9090909090909091,0,0,2,0.1
156,0.0,0.0,1.0,171.0,/tmpdir/job/37847.171,Neither,200000,0.0,3,1,5,100,0.1,1.0,0.9090909090909091,0,0,2,0.1
157,0.0,0.0,1.0,172.0,/tmpdir/job/37847.172,Both,200000,0.0,3,1,5,100,0.1,1.0,0.9090909090909091,0,0,2,0.1
158,0.0035868750839999995,1.0432675000000001e-05,0.9963831020000002,173.0,/tmpdir/job/37847.173,Defector,200000,0.5,3,1,5,100,0.1,1.0,0.9090909090909091,0,0,2,0.1
159,0.0006190171029999999,3.584788900000001e-05,0.9993410239999999,174.0,/tmpdir/job/37847.174,Loner,200000,0.5,3,1,5,100,0.1,1.0,0.9090909090909091,0,0,2,0.1
160,0.003045475811,1.0173955000000001e-05,0.9969261869999998,175.0,/tmpdir/job/37847.175,Neither,200000,0.5,3,1,5,100,0.1,1.0,0.9090909090909091,0,0,2,0.1
161,0.0006581162800000001,3.501317e-05,0.999302595,176.0,/tmpdir/job/37847.176,Both,200000,0.5,3,1,5,100,0.1,1.0,0.9090909090909091,0,0,2,0.1
162,0.15195582988900003,0.07948849612199999,0.7685472210690001,177.0,/tmpdir/job/37847.177,Defector,200000,1.0,3,1,5,100,0.1,1.0,0.9090909090909091,0,0,2,0.1
163,0.09391152492200001,0.059097281579,0.8469838864909999,178.0,/tmpdir/job/37847.178,Loner,200000,1.0,3,1,5,100,0.1,1.0,0.9090909090909091,0,0,2,0.1
164,0.12301241247399998,0.08810270984300002,0.7888700227780001,179.0,/tmpdir/job/37847.179,Neither,200000,1.0,3,1,5,100,0.1,1.0,0.9090909090909091,0,0,2,0.1
165,0.042288410779999994,0.020203970036,0.9375035963129998,180.0,/tmpdir/job/37847.180,Both,200000,1.0,3,1,5,100,0.1,1.0,0.9090909090909091,0,0,2,0.1
166,0.142433372764,0.127102039943,0.730457712626,181.0,/tmpdir/job/37847.181,Defector,200000,1.5,3,1,5,100,0.1,1.0,0.9090909090909091,0,0,2,0.1
167,0.083222540237,0.09691796680699999,0.8198537130489999,182.0,/tmpdir/job/37847.182,Loner,200000,1.5,3,1,5,100,0.1,1.0,0.9090909090909091,0,0,2,0.1
168,0.110080833405,0.1093015483975,0.780603662257,183.0,/tmpdir/job/37847.183,Neither,200000,1.5,3,1,5,100,0.1,1.0,0.9090909090909091,0,0,2,0.1
169,0.031418469291,0.034097804009,0.9344812817770001,184.0,/tmpdir/job/37847.184,Both,200000,1.5,3,1,5,100,0.1,1.0,0.9090909090909091,0,0,2,0.1
170,0.169696177511,0.176177538306,0.654115228262,185.0,/tmpdir/job/37847.185,Defector,200000,2.0,3,1,5,100,0.1,1.0,0.9090909090909091,0,0,2,0.1
171,0.12636673299600001,0.168575673317,0.705042450924,186.0,/tmpdir/job/37847.186,Loner,200000,2.0,3,1,5,100,0.1,1.0,0.9090909090909091,0,0,2,0.1
172,0.14929682957999998,0.150110025817,0.700571959946,187.0,/tmpdir/job/37847.187,Neither,200000,2.0,3,1,5,100,0.1,1.0,0.9090909090909091,0,0,2,0.1
173,0.047360389709,0.067601892982,0.8850196336459999,188.0,/tmpdir/job/37847.188,Both,200000,2.0,3,1,5,100,0.1,1.0,0.9090909090909091,0,0,2,0.1
174,0.15603228370299999,0.23550293098900005,0.608453105305,189.0,/tmpdir/job/37847.189,Defector,200000,2.5,3,1,5,100,0.1,1.0,0.9090909090909091,0,0,2,0.1
175,0.129920347795,0.19328074427800002,0.6767830105490001,190.0,/tmpdir/job/37847.190,Loner,200000,2.5,3,1,5,100,0.1,1.0,0.9090909090909091,0,0,2,0.1
176,0.14572920774610001,0.1837034732461,0.6705461935834001,191.0,/tmpdir/job/37847.191,Neither,200000,2.5,3,1,5,100,0.1,1.0,0.9090909090909091,0,0,2,0.1
177,0.04305720233,0.073819653008,0.883101649513,192.0,/tmpdir/job/37847.192,Both,200000,2.5,3,1,5,100,0.1,1.0,0.9090909090909091,0,0,2,0.1
178,0.160241935501,0.25170199566,0.5880444431690001,193.0,/tmpdir/job/37847.193,Defector,200000,3.0,3,1,5,100,0.1,1.0,0.9090909090909091,0,0,2,0.1
179,0.136667778984,0.2102823157,0.6530325921199999,194.0,/tmpdir/job/37847.194,Loner,200000,3.0,3,1,5,100,0.1,1.0,0.9090909090909091,0,0,2,0.1
180,0.1421578393,0.179417560956,0.6784048876759999,195.0,/tmpdir/job/37847.195,Neither,200000,3.0,3,1,5,100,0.1,1.0,0.9090909090909091,0,0,2,0.1
181,0.048241836758,0.07472319769699999,0.877011191197,196.0,/tmpdir/job/37847.196,Both,200000,3.0,3,1,5,100,0.1,1.0,0.9090909090909091,0,0,2,0.1
182,0.0,0.0,1.0,197.0,/tmpdir/job/37847.197,Defector,200000,0.0,3,1,5,100,0.1,1.0,0.9090909090909091,0,0,2,0.1
183,0.0,0.0,1.0,198.0,/tmpdir/job/37847.198,Loner,200000,0.0,3,1,5,100,0.1,1.0,0.9090909090909091,0,0,2,0.1
184,0.0,0.0,1.0,199.0,/tmpdir/job/37847.199,Neither,200000,0.0,3,1,5,100,0.1,1.0,0.9090909090909091,0,0,2,0.1
185,0.0,0.0,1.0,200.0,/tmpdir/job/37847.200,Both,200000,0.0,3,1,5,100,0.1,1.0,0.9090909090909091,0,0,2,0.1
186,0.002955807269,8.239757e-06,0.997018701,201.0,/tmpdir/job/37847.201,Defector,200000,0.5,3,1,5,100,0.1,1.0,0.9090909090909091,0,0,2,0.1
187,0.0006398271120000001,3.7229454e-05,0.9993185849999999,202.0,/tmpdir/job/37847.202,Loner,200000,0.5,3,1,5,100,0.1,1.0,0.9090909090909091,0,0,2,0.1
188,0.0025481807230000003,9.166429000000002e-06,0.9974271070000001,203.0,/tmpdir/job/37847.203,Neither,200000,0.5,3,1,5,100,0.1,1.0,0.9090909090909091,0,0,2,0.1
189,0.0007345539490000002,3.3078583e-05,0.999227644,204.0,/tmpdir/job/37847.204,Both,200000,0.5,3,1,5,100,0.1,1.0,0.9090909090909091,0,0,2,0.1
190,0.16223274164799997,0.08815322684139999,0.749605405646,205.0,/tmpdir/job/37847.205,Defector,200000,1.0,3,1,5,100,0.1,1.0,0.9090909090909091,0,0,2,0.1
191,0.088065053401,0.061514366916000006,0.8504134397709998,206.0,/tmpdir/job/37847.206,Loner,200000,1.0,3,1,5,100,0.1,1.0,0.9090909090909091,0,0,2,0.1
192,0.12296255646800001,0.08872545354599999,0.7882980856039999,207.0,/tmpdir/job/37847.207,Neither,200000,1.0,3,1,5,100,0.1,1.0,0.9090909090909091,0,0,2,0.1
193,0.03822433955,0.024054747745,0.9377169855470001,208.0,/tmpdir/job/37847.208,Both,200000,1.0,3,1,5,100,0.1,1.0,0.9090909090909091,0,0,2,0.1
194,0.139336295985,0.12225073379500001,0.7384057260160001,209.0,/tmpdir/job/37847.209,Defector,200000,1.5,3,1,5,100,0.1,1.0,0.9090909090909091,0,0,2,0.1
195,0.08108050966000001,0.090902271653,0.828011632265,210.0,/tmpdir/job/37847.210,Loner,200000,1.5,3,1,5,100,0.1,1.0,0.9090909090909091,0,0,2,0.1
196,0.1100117575296,0.107621537473,0.7823529935000002,211.0,/tmpdir/job/37847.211,Neither,200000,1.5,3,1,5,100,0.1,1.0,0.9090909090909091,0,0,2,0.1
197,0.037378018604,0.035359447826,0.927259264959,212.0,/tmpdir/job/37847.212,Both,200000,1.5,3,1,5,100,0.1,1.0,0.9090909090909091,0,0,2,0.1
198,0.165225148236,0.17274627364000003,0.662017518014,213.0,/tmpdir/job/37847.213,Defector,200000,2.0,3,1,5,100,0.1,1.0,0.9090909090909091,0,0,2,0.1
199,0.12889928737700002,0.169796007571,0.701289071005,214.0,/tmpdir/job/37847.214,Loner,200000,2.0,3,1,5,100,0.1,1.0,0.9090909090909091,0,0,2,0.1
200,0.16116828629399998,0.154846703265,0.6839638372150001,215.0,/tmpdir/job/37847.215,Neither,200000,2.0,3,1,5,100,0.1,1.0,0.9090909090909091,0,0,2,0.1
201,0.044757841161,0.058449115143,0.896774186914,216.0,/tmpdir/job/37847.216,Both,200000,2.0,3,1,5,100,0.1,1.0,0.9090909090909091,0,0,2,0.1
202,0.164324117568,0.22112970218799996,0.6145348035279999,217.0,/tmpdir/job/37847.217,Defector,200000,2.5,3,1,5,100,0.1,1.0,0.9090909090909091,0,0,2,0.1
203,0.131506306194,0.198680221625,0.6697978409,218.0,/tmpdir/job/37847.218,Loner,200000,2.5,3,1,5,100,0.1,1.0,0.9090909090909091,0,0,2,0.1
204,0.159142015063,0.1706604957477,0.670175959533,219.0,/tmpdir/job/37847.219,Neither,200000,2.5,3,1,5,100,0.1,1.0,0.9090909090909091,0,0,2,0.1
205,0.04081330702099999,0.074596233668,0.884569329535,220.0,/tmpdir/job/37847.220,Both,200000,2.5,3,1,5,100,0.1,1.0,0.9090909090909091,0,0,2,0.1
206,0.16138194631400002,0.236087519124,0.602519136384,221.0,/tmpdir/job/37847.221,Defector,200000,3.0,3,1,5,100,0.1,1.0,0.9090909090909091,0,0,2,0.1
207,0.129016742746,0.211503902194,0.6594632296140001,222.0,/tmpdir/job/37847.222,Loner,200000,3.0,3,1,5,100,0.1,1.0,0.9090909090909091,0,0,2,0.1
208,0.1536446317466,0.177049922408,0.669283453535,223.0,/tmpdir/job/37847.223,Neither,200000,3.0,3,1,5,100,0.1,1.0,0.9090909090909091,0,0,2,0.1
209,0.044520670196,0.075266994968,0.880188408618,224.0,/tmpdir/job/37847.224,Both,200000,3.0,3,1,5,100,0.1,1.0,0.9090909090909091,0,0,2,0.1
210,0.0,0.0,1.0,225.0,/tmpdir/job/37847.225,Defector,200000,0.0,3,1,5,100,0.1,1.0,0.9090909090909091,0,0,2,0.1
211,0.0,0.0,1.0,226.0,/tmpdir/job/37847.226,Loner,200000,0.0,3,1,5,100,0.1,1.0,0.9090909090909091,0,0,2,0.1
212,0.0,0.0,1.0,227.0,/tmpdir/job/37847.227,Neither,200000,0.0,3,1,5,100,0.1,1.0,0.9090909090909091,0,0,2,0.1
213,0.0,0.0,1.0,228.0,/tmpdir/job/37847.228,Both,200000,0.0,3,1,5,100,0.1,1.0,0.9090909090909091,0,0,2,0.1
214,0.0034694600955,9.59939e-06,0.996502271,229.0,/tmpdir/job/37847.229,Defector,200000,0.5,3,1,5,100,0.1,1.0,0.9090909090909091,0,0,2,0.1
215,0.0006327627829999999,3.4707714999999994e-05,0.9993284819999998,230.0,/tmpdir/job/37847.230,Loner,200000,0.5,3,1,5,100,0.1,1.0,0.9090909090909091,0,0,2,0.1
216,0.0032563475090000003,8.905507e-06,0.9967165750000001,231.0,/tmpdir/job/37847.231,Neither,200000,0.5,3,1,5,100,0.1,1.0,0.9090909090909091,0,0,2,0.1
217,0.0006550759019999999,3.8375901e-05,0.9993021819999999,232.0,/tmpdir/job/37847.232,Both,200000,0.5,3,1,5,100,0.1,1.0,0.9090909090909091,0,0,2,0.1
218,0.156421627768,0.090303478853,0.7532663092440002,233.0,/tmpdir/job/37847.233,Defector,200000,1.0,3,1,5,100,0.1,1.0,0.9090909090909091,0,0,2,0.1
219,0.08030187059800001,0.058743545428400004,0.8609478461360001,234.0,/tmpdir/job/37847.234,Loner,200000,1.0,3,1,5,100,0.1,1.0,0.9090909090909091,0,0,2,0.1
220,0.12431733863700001,0.09207818964460003,0.7835887199299999,235.0,/tmpdir/job/37847.235,Neither,200000,1.0,3,1,5,100,0.1,1.0,0.9090909090909091,0,0,2,0.1
221,0.037528959693,0.0203796883212,0.9420870288340001,236.0,/tmpdir/job/37847.236,Both,200000,1.0,3,1,5,100,0.1,1.0,0.9090909090909091,0,0,2,0.1
222,0.129255302605,0.12230987257800001,0.748428094124,237.0,/tmpdir/job/37847.237,Defector,200000,1.5,3,1,5,100,0.1,1.0,0.9090909090909091,0,0,2,0.1
223,0.08289373310499998,0.09829508352300001,0.818804937513,238.0,/tmpdir/job/37847.238,Loner,200000,1.5,3,1,5,100,0.1,1.0,0.9090909090909091,0,0,2,0.1
224,0.12779093059099997,0.0996387745501,0.772556243899,239.0,/tmpdir/job/37847.239,Neither,200000,1.5,3,1,5,100,0.1,1.0,0.9090909090909091,0,0,2,0.1
225,0.035165048351999996,0.043866798772000004,0.9209652233019999,240.0,/tmpdir/job/37847.240,Both,200000,1.5,3,1,5,100,0.1,1.0,0.9090909090909091,0,0,2,0.1
226,0.167213810841,0.18334454805100003,0.6494298731900001,241.0,/tmpdir/job/37847.241,Defector,200000,2.0,3,1,5,100,0.1,1.0,0.9090909090909091,0,0,2,0.1
227,0.12709250594,0.173098803617,0.6997928676750002,242.0,/tmpdir/job/37847.242,Loner,200000,2.0,3,1,5,100,0.1,1.0,0.9090909090909091,0,0,2,0.1
228,0.16081851418399998,0.153769138952,0.6853909780859999,243.0,/tmpdir/job/37847.243,Neither,200000,2.0,3,1,5,100,0.1,1.0,0.9090909090909091,0,0,2,0.1
229,0.0453644158613,0.06515738437529998,0.8894599593299999,244.0,/tmpdir/job/37847.244,Both,200000,2.0,3,1,5,100,0.1,1.0,0.9090909090909091,0,0,2,0.1
230,0.15795520204899996,0.219309415057,0.622724791547,245.0,/tmpdir/job/37847.245,Defector,200000,2.5,3,1,5,100,0.1,1.0,0.9090909090909091,0,0,2,0.1
231,0.130996787519,0.199247772664,0.669739789701,246.0,/tmpdir/job/37847.246,Loner,200000,2.5,3,1,5,100,0.1,1.0,0.9090909090909091,0,0,2,0.1
232,0.15637709801799998,0.16861644743750004,0.6749849162554,247.0,/tmpdir/job/37847.247,Neither,200000,2.5,3,1,5,100,0.1,1.0,0.9090909090909091,0,0,2,0.1
233,0.044880663103000006,0.06909234971500001,0.8860051791319999,248.0,/tmpdir/job/37847.248,Both,200000,2.5,3,1,5,100,0.1,1.0,0.9090909090909091,0,0,2,0.1
234,0.160255117154,0.25297799662699993,0.5867554131569999,249.0,/tmpdir/job/37847.249,Defector,200000,3.0,3,1,5,100,0.1,1.0,0.9090909090909091,0,0,2,0.1
235,0.132556569996,0.20301889782899998,0.664408668367,250.0,/tmpdir/job/37847.250,Loner,200000,3.0,3,1,5,100,0.1,1.0,0.9090909090909091,0,0,2,0.1
236,0.04635220265599999,0.07481937648800002,0.8788057986540001,252.0,/tmpdir/job/37847.252,Both,200000,3.0,3,1,5,100,0.1,1.0,0.9090909090909091,0,0,2,0.1
237,0.0,0.0,1.0,253.0,/tmpdir/job/37847.253,Defector,200000,0.0,3,1,5,100,0.1,1.0,0.9090909090909091,0,0,2,0.1
238,0.0,0.0,1.0,254.0,/tmpdir/job/37847.254,Loner,200000,0.0,3,1,5,100,0.1,1.0,0.9090909090909091,0,0,2,0.1
239,0.0,0.0,1.0,255.0,/tmpdir/job/37847.255,Neither,200000,0.0,3,1,5,100,0.1,1.0,0.9090909090909091,0,0,2,0.1
240,0.0,0.0,1.0,256.0,/tmpdir/job/37847.256,Both,200000,0.0,3,1,5,100,0.1,1.0,0.9090909090909091,0,0,2,0.1
241,0.00237380807,8.569325000000001e-06,0.997602671,257.0,/tmpdir/job/37847.257,Defector,200000,0.5,3,1,5,100,0.1,1.0,0.9090909090909091,0,0,2,0.1
242,0.0006057956139999998,3.211388599999999e-05,0.99935818,258.0,/tmpdir/job/37847.258,Loner,200000,0.5,3,1,5,100,0.1,1.0,0.9090909090909091,0,0,2,0.1
243,0.003309956155,9.457762e-06,0.9966609529999999,259.0,/tmpdir/job/37847.259,Neither,200000,0.5,3,1,5,100,0.1,1.0,0.9090909090909091,0,0,2,0.1
244,0.000625178054,3.3644159e-05,0.999337174,260.0,/tmpdir/job/37847.260,Both,200000,0.5,3,1,5,100,0.1,1.0,0.9090909090909091,0,0,2,0.1
245,0.14444192914299997,0.087652418414,0.7678966516890001,261.0,/tmpdir/job/37847.261,Defector,200000,1.0,3,1,5,100,0.1,1.0,0.9090909090909091,0,0,2,0.1
246,0.091398150287,0.060806519187999994,0.8477882883079999,262.0,/tmpdir/job/37847.262,Loner,200000,1.0,3,1,5,100,0.1,1.0,0.9090909090909091,0,0,2,0.1
247,0.11953375517300001,0.09044374368399999,0.790009080395,263.0,/tmpdir/job/37847.263,Neither,200000,1.0,3,1,5,100,0.1,1.0,0.9090909090909091,0,0,2,0.1
248,0.03936434601699999,0.019162948866,0.941468771484,264.0,/tmpdir/job/37847.264,Both,200000,1.0,3,1,5,100,0.1,1.0,0.9090909090909091,0,0,2,0.1
249,0.142815546335,0.11839203919200002,0.738785685393,265.0,/tmpdir/job/37847.265,Defector,200000,1.5,3,1,5,100,0.1,1.0,0.9090909090909091,0,0,2,0.1
250,0.08801297252300001,0.09501497796700001,0.8169660620450001,266.0,/tmpdir/job/37847.266,Loner,200000,1.5,3,1,5,100,0.1,1.0,0.9090909090909091,0,0,2,0.1
251,0.11237786729300002,0.1093532821498,0.7782548685139999,267.0,/tmpdir/job/37847.267,Neither,200000,1.5,3,1,5,100,0.1,1.0,0.9090909090909091,0,0,2,0.1
252,0.033534307804,0.038469289138000004,0.9279935253369999,268.0,/tmpdir/job/37847.268,Both,200000,1.5,3,1,5,100,0.1,1.0,0.9090909090909091,0,0,2,0.1
253,0.16865932211499998,0.18403512222100002,0.647294541375,269.0,/tmpdir/job/37847.269,Defector,200000,2.0,3,1,5,100,0.1,1.0,0.9090909090909091,0,0,2,0.1
254,0.13162468193799998,0.182101052509,0.686257854845,270.0,/tmpdir/job/37847.270,Loner,200000,2.0,3,1,5,100,0.1,1.0,0.9090909090909091,0,0,2,0.1
255,0.1718140962984,0.14894620580199996,0.679218689777,271.0,/tmpdir/job/37847.271,Neither,200000,2.0,3,1,5,100,0.1,1.0,0.9090909090909091,0,0,2,0.1
256,0.045084563678,0.070494534594,0.8844026781779999,272.0,/tmpdir/job/37847.272,Both,200000,2.0,3,1,5,100,0.1,1.0,0.9090909090909091,0,0,2,0.1
257,0.1292628533006,0.190283888099,0.6804371507789999,274.0,/tmpdir/job/37847.274,Loner,200000,2.5,3,1,5,100,0.1,1.0,0.9090909090909091,0,0,2,0.1
258,0.151394053428,0.168488260106,0.6800959775880001,275.0,/tmpdir/job/37847.275,Neither,200000,2.5,3,1,5,100,0.1,1.0,0.9090909090909091,0,0,2,0.1
259,0.047508966812,0.07274972454800001,0.8797195929859999,276.0,/tmpdir/job/37847.276,Both,200000,2.5,3,1,5,100,0.1,1.0,0.9090909090909091,0,0,2,0.1
260,0.15415108245199996,0.232929654494,0.612907705824,277.0,/tmpdir/job/37847.277,Defector,200000,3.0,3,1,5,100,0.1,1.0,0.9090909090909091,0,0,2,0.1
261,0.14962047643800003,0.18241263157200002,0.6679443853299999,279.0,/tmpdir/job/37847.279,Neither,200000,3.0,3,1,5,100,0.1,1.0,0.9090909090909091,0,0,2,0.1
262,0.04765727937500001,0.08133974784600001,0.870980002044,280.0,/tmpdir/job/37847.280,Both,200000,3.0,3,1,5,100,0.1,1.0,0.9090909090909091,0,0,2,0.1
263,0.0,0.0,1.0,281.0,/tmpdir/job/37847.281,Defector,200000,0.0,3,1,5,100,0.1,1.0,0.9090909090909091,0,0,2,0.1
264,0.0,0.0,1.0,282.0,/tmpdir/job/37847.282,Loner,200000,0.0,3,1,5,100,0.1,1.0,0.9090909090909091,0,0,2,0.1
265,0.0,0.0,1.0,283.0,/tmpdir/job/37847.283,Neither,200000,0.0,3,1,5,100,0.1,1.0,0.9090909090909091,0,0,2,0.1
266,0.0,0.0,1.0,284.0,/tmpdir/job/37847.284,Both,200000,0.0,3,1,5,100,0.1,1.0,0.9090909090909091,0,0,2,0.1
267,0.002889936571000001,9.804073000000001e-06,0.9970825809999999,285.0,/tmpdir/job/37847.285,Defector,200000,0.5,3,1,5,100,0.1,1.0,0.9090909090909091,0,0,2,0.1
268,0.0005952553990000001,3.321084e-05,0.9993676139999998,286.0,/tmpdir/job/37847.286,Loner,200000,0.5,3,1,5,100,0.1,1.0,0.9090909090909091,0,0,2,0.1
269,0.0037982411579999997,1.2034373e-05,0.996169204,287.0,/tmpdir/job/37847.287,Neither,200000,0.5,3,1,5,100,0.1,1.0,0.9090909090909091,0,0,2,0.1
270,0.000698835783,3.6744193999999997e-05,0.9992598079999999,288.0,/tmpdir/job/37847.288,Both,200000,0.5,3,1,5,100,0.1,1.0,0.9090909090909091,0,0,2,0.1
271,0.160272636974,0.078809895701,0.7609083722089998,289.0,/tmpdir/job/37847.289,Defector,200000,1.0,3,1,5,100,0.1,1.0,0.9090909090909091,0,0,2,0.1
272,0.086219400783,0.061168455527,0.8526055327309998,290.0,/tmpdir/job/37847.290,Loner,200000,1.0,3,1,5,100,0.1,1.0,0.9090909090909091,0,0,2,0.1
273,0.126422585098,0.08561365409300001,0.787950450913,291.0,/tmpdir/job/37847.291,Neither,200000,1.0,3,1,5,100,0.1,1.0,0.9090909090909091,0,0,2,0.1
274,0.038224275025,0.018599397317,0.9431721323490002,292.0,/tmpdir/job/37847.292,Both,200000,1.0,3,1,5,100,0.1,1.0,0.9090909090909091,0,0,2,0.1
275,0.130401966964,0.11895406088399998,0.75063700473,293.0,/tmpdir/job/37847.293,Defector,200000,1.5,3,1,5,100,0.1,1.0,0.9090909090909091,0,0,2,0.1
276,0.08885434052999999,0.09960780306399998,0.8115312482409999,294.0,/tmpdir/job/37847.294,Loner,200000,1.5,3,1,5,100,0.1,1.0,0.9090909090909091,0,0,2,0.1
277,0.11067276974500001,0.10425985220899998,0.785054029092,295.0,/tmpdir/job/37847.295,Neither,200000,1.5,3,1,5,100,0.1,1.0,0.9090909090909091,0,0,2,0.1
278,0.036518994932000004,0.03799134662699999,0.92548658881,296.0,/tmpdir/job/37847.296,Both,200000,1.5,3,1,5,100,0.1,1.0,0.9090909090909091,0,0,2,0.1
279,0.17481094450239998,0.18592574764939995,0.6392517034570002,297.0,/tmpdir/job/37847.297,Defector,200000,2.0,3,1,5,100,0.1,1.0,0.9090909090909091,0,0,2,0.1
280,0.131747702627,0.17617825926200004,0.69205869627,298.0,/tmpdir/job/37847.298,Loner,200000,2.0,3,1,5,100,0.1,1.0,0.9090909090909091,0,0,2,0.1
281,0.16153303606900002,0.15397684157229996,0.6844689014980001,299.0,/tmpdir/job/37847.299,Neither,200000,2.0,3,1,5,100,0.1,1.0,0.9090909090909091,0,0,2,0.1
282,0.046396444862,0.063348830808,0.890237041487,300.0,/tmpdir/job/37847.300,Both,200000,2.0,3,1,5,100,0.1,1.0,0.9090909090909091,0,0,2,0.1
283,0.16898776095300003,0.223939616782,0.6070609021969999,301.0,/tmpdir/job/37847.301,Defector,200000,2.5,3,1,5,100,0.1,1.0,0.9090909090909091,0,0,2,0.1
284,0.12552743097300004,0.185138187649,0.689317769267,302.0,/tmpdir/job/37847.302,Loner,200000,2.5,3,1,5,100,0.1,1.0,0.9090909090909091,0,0,2,0.1
285,0.051863302093500006,0.08197550204750001,0.866140056339,304.0,/tmpdir/job/37847.304,Both,200000,2.5,3,1,5,100,0.1,1.0,0.9090909090909091,0,0,2,0.1
286,0.15479220977400002,0.25443771348300004,0.590757945256,305.0,/tmpdir/job/37847.305,Defector,200000,3.0,3,1,5,100,0.1,1.0,0.9090909090909091,0,0,2,0.1
287,0.12852050376,0.221001235632,0.650462673312,306.0,/tmpdir/job/37847.306,Loner,200000,3.0,3,1,5,100,0.1,1.0,0.9090909090909091,0,0,2,0.1
288,0.154800395632,0.16068363216319997,0.6844948021826666,307.0,/tmpdir/job/37847.307,Neither,200000,3.0,3,1,5,100,0.1,1.0,0.9090909090909091,0,0,2,0.1
289,0.04379035921899999,0.077945652744,0.8782402661639999,308.0,/tmpdir/job/37847.308,Both,200000,3.0,3,1,5,100,0.1,1.0,0.9090909090909091,0,0,2,0.1
290,0.0,0.0,1.0,309.0,/tmpdir/job/37847.309,Defector,200000,0.0,3,1,5,100,0.1,1.0,0.9090909090909091,0,0,2,0.1
291,0.0,0.0,1.0,310.0,/tmpdir/job/37847.310,Loner,200000,0.0,3,1,5,100,0.1,1.0,0.9090909090909091,0,0,2,0.1
292,0.0,0.0,1.0,311.0,/tmpdir/job/37847.311,Neither,200000,0.0,3,1,5,100,0.1,1.0,0.9090909090909091,0,0,2,0.1
293,0.0,0.0,1.0,312.0,/tmpdir/job/37847.312,Both,200000,0.0,3,1,5,100,0.1,1.0,0.9090909090909091,0,0,2,0.1
294,0.002791565045,8.416931e-06,0.997183119,313.0,/tmpdir/job/37847.313,Defector,200000,0.5,3,1,5,100,0.1,1.0,0.9090909090909091,0,0,2,0.1
295,0.000667326626,3.414396799999999e-05,0.999293798,314.0,/tmpdir/job/37847.314,Loner,200000,0.5,3,1,5,100,0.1,1.0,0.9090909090909091,0,0,2,0.1
296,0.0029516550659999994,8.769461e-06,0.997022012,315.0,/tmpdir/job/37847.315,Neither,200000,0.5,3,1,5,100,0.1,1.0,0.9090909090909091,0,0,2,0.1
297,0.000740319339,3.546014300000001e-05,0.999219602,316.0,/tmpdir/job/37847.316,Both,200000,0.5,3,1,5,100,0.1,1.0,0.9090909090909091,0,0,2,0.1
298,0.15271875238299998,0.08254175925200001,0.764731657983,317.0,/tmpdir/job/37847.317,Defector,200000,1.0,3,1,5,100,0.1,1.0,0.9090909090909091,0,0,2,0.1
299,0.08186793396400001,0.054647602852,0.863477586846,318.0,/tmpdir/job/37847.318,Loner,200000,1.0,3,1,5,100,0.1,1.0,0.9090909090909091,0,0,2,0.1
300,0.121714630336,0.088708642318,0.7895628986119998,319.0,/tmpdir/job/37847.319,Neither,200000,1.0,3,1,5,100,0.1,1.0,0.9090909090909091,0,0,2,0.1
301,0.041452356939,0.022787440145,0.9357557867119999,320.0,/tmpdir/job/37847.320,Both,200000,1.0,3,1,5,100,0.1,1.0,0.9090909090909091,0,0,2,0.1
302,0.133374070395,0.12113044933560001,0.745488069251,321.0,/tmpdir/job/37847.321,Defector,200000,1.5,3,1,5,100,0.1,1.0,0.9090909090909091,0,0,2,0.1
303,0.081691606411,0.09761433904700001,0.8206882550869998,322.0,/tmpdir/job/37847.322,Loner,200000,1.5,3,1,5,100,0.1,1.0,0.9090909090909091,0,0,2,0.1
304,0.10744361823399999,0.10469430370440001,0.7878483189120001,323.0,/tmpdir/job/37847.323,Neither,200000,1.5,3,1,5,100,0.1,1.0,0.9090909090909091,0,0,2,0.1
305,0.034848251312,0.036339760248900004,0.9288088389209999,324.0,/tmpdir/job/37847.324,Both,200000,1.5,3,1,5,100,0.1,1.0,0.9090909090909091,0,0,2,0.1
306,0.17477373634400004,0.184703429754,0.6405115604139999,325.0,/tmpdir/job/37847.325,Defector,200000,2.0,3,1,5,100,0.1,1.0,0.9090909090909091,0,0,2,0.1
307,0.122806250946,0.165721058298,0.71145788362,326.0,/tmpdir/job/37847.326,Loner,200000,2.0,3,1,5,100,0.1,1.0,0.9090909090909091,0,0,2,0.1
308,0.14998689738260002,0.1480614991435,0.7019292448109999,327.0,/tmpdir/job/37847.327,Neither,200000,2.0,3,1,5,100,0.1,1.0,0.9090909090909091,0,0,2,0.1
309,0.05116689470400001,0.07005481916600001,0.878760595298,328.0,/tmpdir/job/37847.328,Both,200000,2.0,3,1,5,100,0.1,1.0,0.9090909090909091,0,0,2,0.1
310,0.153145808593,0.21418680533700002,0.6326564303359999,329.0,/tmpdir/job/37847.329,Defector,200000,2.5,3,1,5,100,0.1,1.0,0.9090909090909091,0,0,2,0.1
311,0.119325206528,0.18863241991899998,0.6920273491529999,330.0,/tmpdir/job/37847.330,Loner,200000,2.5,3,1,5,100,0.1,1.0,0.9090909090909091,0,0,2,0.1
312,0.15183939895200002,0.17616192015739998,0.671977279094,331.0,/tmpdir/job/37847.331,Neither,200000,2.5,3,1,5,100,0.1,1.0,0.9090909090909091,0,0,2,0.1
313,0.04551561078666666,0.070950075076,0.8835130901520001,332.0,/tmpdir/job/37847.332,Both,200000,2.5,3,1,5,100,0.1,1.0,0.9090909090909091,0,0,2,0.1
314,0.153465472634,0.25188275900800006,0.594641054352,333.0,/tmpdir/job/37847.333,Defector,200000,3.0,3,1,5,100,0.1,1.0,0.9090909090909091,0,0,2,0.1
315,0.12709679123899997,0.20036584143299999,0.6725217075000001,334.0,/tmpdir/job/37847.334,Loner,200000,3.0,3,1,5,100,0.1,1.0,0.9090909090909091,0,0,2,0.1
316,0.14565840995466667,0.17613394824933337,0.6781871072706667,335.0,/tmpdir/job/37847.335,Neither,200000,3.0,3,1,5,100,0.1,1.0,0.9090909090909091,0,0,2,0.1
317,0.04073622411066667,0.066891752724,0.8923484020773333,336.0,/tmpdir/job/37847.336,Both,200000,3.0,3,1,5,100,0.1,1.0,0.9090909090909091,0,0,2,0.1
318,0.0,0.0,1.0,337.0,/tmpdir/job/37847.337,Defector,200000,0.0,3,1,5,100,0.1,1.0,0.9090909090909091,0,0,2,0.1
319,0.0,0.0,1.0,338.0,/tmpdir/job/37847.338,Loner,200000,0.0,3,1,5,100,0.1,1.0,0.9090909090909091,0,0,2,0.1
320,0.0,0.0,1.0,339.0,/tmpdir/job/37847.339,Neither,200000,0.0,3,1,5,100,0.1,1.0,0.9090909090909091,0,0,2,0.1
321,0.0,0.0,1.0,340.0,/tmpdir/job/37847.340,Both,200000,0.0,3,1,5,100,0.1,1.0,0.9090909090909091,0,0,2,0.1
322,0.002823343744,7.970576e-06,0.9971507669999997,341.0,/tmpdir/job/37847.341,Defector,200000,0.5,3,1,5,100,0.1,1.0,0.9090909090909091,0,0,2,0.1
323,0.0006686299369999998,3.2130102000000005e-05,0.999295107,342.0,/tmpdir/job/37847.342,Loner,200000,0.5,3,1,5,100,0.1,1.0,0.9090909090909091,0,0,2,0.1
324,0.0031469121380000003,8.587323e-06,0.996826653,343.0,/tmpdir/job/37847.343,Neither,200000,0.5,3,1,5,100,0.1,1.0,0.9090909090909091,0,0,2,0.1
325,0.0006845634920000001,3.714189699999999e-05,0.9992740120000002,344.0,/tmpdir/job/37847.344,Both,200000,0.5,3,1,5,100,0.1,1.0,0.9090909090909091,0,0,2,0.1
326,0.160640816023,0.0824922316057,0.756858198584,345.0,/tmpdir/job/37847.345,Defector,200000,1.0,3,1,5,100,0.1,1.0,0.9090909090909091,0,0,2,0.1
327,0.094275032467,0.065727187518,0.8399903963210001,346.0,/tmpdir/job/37847.346,Loner,200000,1.0,3,1,5,100,0.1,1.0,0.9090909090909091,0,0,2,0.1
328,0.124513272239,0.09486820210760001,0.780604113185,347.0,/tmpdir/job/37847.347,Neither,200000,1.0,3,1,5,100,0.1,1.0,0.9090909090909091,0,0,2,0.1
329,0.042880264335,0.024475466258,0.932639933653,348.0,/tmpdir/job/37847.348,Both,200000,1.0,3,1,5,100,0.1,1.0,0.9090909090909091,0,0,2,0.1
330,0.12885643025,0.11402818226039997,0.757108175617,349.0,/tmpdir/job/37847.349,Defector,200000,1.5,3,1,5,100,0.1,1.0,0.9090909090909091,0,0,2,0.1
331,0.09012153825600003,0.10343063712900001,0.8064411850720001,350.0,/tmpdir/job/37847.350,Loner,200000,1.5,3,1,5,100,0.1,1.0,0.9090909090909091,0,0,2,0.1
332,0.114167381732,0.10501174414199999,0.7808071251759999,351.0,/tmpdir/job/37847.351,Neither,200000,1.5,3,1,5,100,0.1,1.0,0.9090909090909091,0,0,2,0.1
333,0.031853972629000006,0.040710789116,0.9274322878179999,352.0,/tmpdir/job/37847.352,Both,200000,1.5,3,1,5,100,0.1,1.0,0.9090909090909091,0,0,2,0.1
334,0.181336662815,0.17586750731700002,0.642784979349,353.0,/tmpdir/job/37847.353,Defector,200000,2.0,3,1,5,100,0.1,1.0,0.9090909090909091,0,0,2,0.1
335,0.134304945029,0.17741775053,0.6882614517880001,354.0,/tmpdir/job/37847.354,Loner,200000,2.0,3,1,5,100,0.1,1.0,0.9090909090909091,0,0,2,0.1
336,0.160706141927,0.16793871595100004,0.671332584437,355.0,/tmpdir/job/37847.355,Neither,200000,2.0,3,1,5,100,0.1,1.0,0.9090909090909091,0,0,2,0.1
337,0.04614708440599999,0.063325342936,0.8905094166560001,356.0,/tmpdir/job/37847.356,Both,200000,2.0,3,1,5,100,0.1,1.0,0.9090909090909091,0,0,2,0.1
338,0.16329629478,0.22051809746300005,0.6161749073400001,357.0,/tmpdir/job/37847.357,Defector,200000,2.5,3,1,5,100,0.1,1.0,0.9090909090909091,0,0,2,0.1
339,0.123127463749,0.191555104033,0.6853013715290001,358.0,/tmpdir/job/37847.358,Loner,200000,2.5,3,1,5,100,0.1,1.0,0.9090909090909091,0,0,2,0.1
340,0.152580055513,0.1753234211604,0.6720753924246,359.0,/tmpdir/job/37847.359,Neither,200000,2.5,3,1,5,100,0.1,1.0,0.9090909090909091,0,0,2,0.1
341,0.050827085337,0.07355718380099999,0.8755945308310001,360.0,/tmpdir/job/37847.360,Both,200000,2.5,3,1,5,100,0.1,1.0,0.9090909090909091,0,0,2,0.1
342,0.16187966247700003,0.24854405558500003,0.589564570467,361.0,/tmpdir/job/37847.361,Defector,200000,3.0,3,1,5,100,0.1,1.0,0.9090909090909091,0,0,2,0.1
343,0.129478720428,0.20065120323733335,0.669854229188,362.0,/tmpdir/job/37847.362,Loner,200000,3.0,3,1,5,100,0.1,1.0,0.9090909090909091,0,0,2,0.1
344,0.053145837588,0.07490361361200001,0.871928937996,364.0,/tmpdir/job/37847.364,Both,200000,3.0,3,1,5,100,0.1,1.0,0.9090909090909091,0,0,2,0.1
345,0.0,0.0,1.0,365.0,/tmpdir/job/37847.365,Defector,200000,0.0,3,1,5,100,0.1,1.0,0.9090909090909091,0,0,2,0.1
346,0.0,0.0,1.0,366.0,/tmpdir/job/37847.366,Loner,200000,0.0,3,1,5,100,0.1,1.0,0.9090909090909091,0,0,2,0.1
347,0.0,0.0,1.0,367.0,/tmpdir/job/37847.367,Neither,200000,0.0,3,1,5,100,0.1,1.0,0.9090909090909091,0,0,2,0.1
348,0.0,0.0,1.0,368.0,/tmpdir/job/37847.368,Both,200000,0.0,3,1,5,100,0.1,1.0,0.9090909090909091,0,0,2,0.1
349,0.0031484192480000003,9.604901000000001e-06,0.996825233,369.0,/tmpdir/job/37847.369,Defector,200000,0.5,3,1,5,100,0.1,1.0,0.9090909090909091,0,0,2,0.1
350,0.0006958380709999999,3.1929536999999994e-05,0.9992679040000001,370.0,/tmpdir/job/37847.370,Loner,200000,0.5,3,1,5,100,0.1,1.0,0.9090909090909091,0,0,2,0.1
351,0.0026728918679999997,9.129462e-06,0.9973008999999999,371.0,/tmpdir/job/37847.371,Neither,200000,0.5,3,1,5,100,0.1,1.0,0.9090909090909091,0,0,2,0.1
352,0.0006731043590000002,3.6894529e-05,0.9992855089999999,372.0,/tmpdir/job/37847.372,Both,200000,0.5,3,1,5,100,0.1,1.0,0.9090909090909091,0,0,2,0.1
353,0.147432437172,0.07824763752399998,0.7743112682219999,373.0,/tmpdir/job/37847.373,Defector,200000,1.0,3,1,5,100,0.1,1.0,0.9090909090909091,0,0,2,0.1
354,0.082204524548,0.05588300219900001,0.8619054730989999,374.0,/tmpdir/job/37847.374,Loner,200000,1.0,3,1,5,100,0.1,1.0,0.9090909090909091,0,0,2,0.1
355,0.13068074743999997,0.09533681452699999,0.7739675682899999,375.0,/tmpdir/job/37847.375,Neither,200000,1.0,3,1,5,100,0.1,1.0,0.9090909090909091,0,0,2,0.1
356,0.04873212957399999,0.022486936305,0.928776707526,376.0,/tmpdir/job/37847.376,Both,200000,1.0,3,1,5,100,0.1,1.0,0.9090909090909091,0,0,2,0.1
357,0.15265479041600002,0.12537454075100002,0.721964146597,377.0,/tmpdir/job/37847.377,Defector,200000,1.5,3,1,5,100,0.1,1.0,0.9090909090909091,0,0,2,0.1
358,0.083675151341,0.10630523512999998,0.810013025084,378.0,/tmpdir/job/37847.378,Loner,200000,1.5,3,1,5,100,0.1,1.0,0.9090909090909091,0,0,2,0.1
359,0.118367191102,0.09875006874440001,0.7828691625,379.0,/tmpdir/job/37847.379,Neither,200000,1.5,3,1,5,100,0.1,1.0,0.9090909090909091,0,0,2,0.1
360,0.034102375642,0.03891429748800001,0.9269807665259999,380.0,/tmpdir/job/37847.380,Both,200000,1.5,3,1,5,100,0.1,1.0,0.9090909090909091,0,0,2,0.1
361,0.17518571524000004,0.17970685314399998,0.645095351825,381.0,/tmpdir/job/37847.381,Defector,200000,2.0,3,1,5,100,0.1,1.0,0.9090909090909091,0,0,2,0.1
362,0.126651727088,0.17871118026799998,0.6946216481649998,382.0,/tmpdir/job/37847.382,Loner,200000,2.0,3,1,5,100,0.1,1.0,0.9090909090909091,0,0,2,0.1
363,0.15747617686199997,0.16008867284699999,0.682413573129,383.0,/tmpdir/job/37847.383,Neither,200000,2.0,3,1,5,100,0.1,1.0,0.9090909090909091,0,0,2,0.1
364,0.043864403298999995,0.06281426271600002,0.8933035412029999,384.0,/tmpdir/job/37847.384,Both,200000,2.0,3,1,5,100,0.1,1.0,0.9090909090909091,0,0,2,0.1
365,0.13843792266900004,0.20345242979699996,0.6580928747899999,386.0,/tmpdir/job/37847.386,Loner,200000,2.5,3,1,5,100,0.1,1.0,0.9090909090909091,0,0,2,0.1
366,0.1534582591935,0.1775378759625,0.668981754643,387.0,/tmpdir/job/37847.387,Neither,200000,2.5,3,1,5,100,0.1,1.0,0.9090909090909091,0,0,2,0.1
367,0.043566536345333334,0.06616141639466666,0.8902503230613334,388.0,/tmpdir/job/37847.388,Both,200000,2.5,3,1,5,100,0.1,1.0,0.9090909090909091,0,0,2,0.1
368,0.14010338118,0.22138082538800002,0.638500899872,390.0,/tmpdir/job/37847.390,Loner,200000,3.0,3,1,5,100,0.1,1.0,0.9090909090909091,0,0,2,0.1
369,0.04286425608999999,0.070230723321,0.8868809618700002,392.0,/tmpdir/job/37847.392,Both,200000,3.0,3,1,5,100,0.1,1.0,0.9090909090909091,0,0,2,0.1
370,0.0,0.0,1.0,393.0,/tmpdir/job/37847.393,Defector,200000,0.0,3,1,5,100,0.1,1.0,0.9090909090909091,0,0,2,0.1
371,0.0,0.0,1.0,394.0,/tmpdir/job/37847.394,Loner,200000,0.0,3,1,5,100,0.1,1.0,0.9090909090909091,0,0,2,0.1
372,0.0,0.0,1.0,395.0,/tmpdir/job/37847.395,Neither,200000,0.0,3,1,5,100,0.1,1.0,0.9090909090909091,0,0,2,0.1
373,0.0,0.0,1.0,396.0,/tmpdir/job/37847.396,Both,200000,0.0,3,1,5,100,0.1,1.0,0.9090909090909091,0,0,2,0.1
374,0.0030046584679999993,1.0722688999999998e-05,0.9969668880000002,397.0,/tmpdir/job/37847.397,Defector,200000,0.5,3,1,5,100,0.1,1.0,0.9090909090909091,0,0,2,0.1
375,0.0007092723310000001,3.4607325e-05,0.9992515390000001,398.0,/tmpdir/job/37847.398,Loner,200000,0.5,3,1,5,100,0.1,1.0,0.9090909090909091,0,0,2,0.1
376,0.003571624721,1.0580402e-05,0.9963982259999999,399.0,/tmpdir/job/37847.399,Neither,200000,0.5,3,1,5,100,0.1,1.0,0.9090909090909091,0,0,2,0.1
377,0.000602630934,3.3496911000000005e-05,0.9993597760000001,400.0,/tmpdir/job/37847.400,Both,200000,0.5,3,1,5,100,0.1,1.0,0.9090909090909091,0,0,2,0.1
378,0.15068506060800002,0.07888105512999997,0.770425328146,401.0,/tmpdir/job/37847.401,Defector,200000,1.0,3,1,5,100,0.1,1.0,0.9090909090909091,0,0,2,0.1
379,0.08774305636000002,0.07069026945500001,0.8415592137269999,402.0,/tmpdir/job/37847.402,Loner,200000,1.0,3,1,5,100,0.1,1.0,0.9090909090909091,0,0,2,0.1
380,0.129152829582,0.095785830226,0.77504652354,403.0,/tmpdir/job/37847.403,Neither,200000,1.0,3,1,5,100,0.1,1.0,0.9090909090909091,0,0,2,0.1
381,0.04110308326699999,0.0206619210415,0.9382307513699999,404.0,/tmpdir/job/37847.404,Both,200000,1.0,3,1,5,100,0.1,1.0,0.9090909090909091,0,0,2,0.1
382,0.13847390467600001,0.11798090083200001,0.7435385327380001,405.0,/tmpdir/job/37847.405,Defector,200000,1.5,3,1,5,100,0.1,1.0,0.9090909090909091,0,0,2,0.1
383,0.08466502257399999,0.092783879313,0.822544942615,406.0,/tmpdir/job/37847.406,Loner,200000,1.5,3,1,5,100,0.1,1.0,0.9090909090909091,0,0,2,0.1
384,0.10418185795500001,0.110928101628,0.7848768656239997,407.0,/tmpdir/job/37847.407,Neither,200000,1.5,3,1,5,100,0.1,1.0,0.9090909090909091,0,0,2,0.1
385,0.029010102699000003,0.038270488958000004,0.9327167333466,408.0,/tmpdir/job/37847.408,Both,200000,1.5,3,1,5,100,0.1,1.0,0.9090909090909091,0,0,2,0.1
386,0.163467630254,0.17997399462499997,0.656546762618,409.0,/tmpdir/job/37847.409,Defector,200000,2.0,3,1,5,100,0.1,1.0,0.9090909090909091,0,0,2,0.1
387,0.12481196251599999,0.17025721256200002,0.7049151306729999,410.0,/tmpdir/job/37847.410,Loner,200000,2.0,3,1,5,100,0.1,1.0,0.9090909090909091,0,0,2,0.1
388,0.154436681904,0.1569547804656,0.6885871789789999,411.0,/tmpdir/job/37847.411,Neither,200000,2.0,3,1,5,100,0.1,1.0,0.9090909090909091,0,0,2,0.1
389,0.05348294413600001,0.07326663570599999,0.8732321355620001,412.0,/tmpdir/job/37847.412,Both,200000,2.0,3,1,5,100,0.1,1.0,0.9090909090909091,0,0,2,0.1
390,0.16754937888100002,0.23009962863899996,0.6023391988629999,413.0,/tmpdir/job/37847.413,Defector,200000,2.5,3,1,5,100,0.1,1.0,0.9090909090909091,0,0,2,0.1
391,0.14142985676,0.18284196827400004,0.675706331285,415.0,/tmpdir/job/37847.415,Neither,200000,2.5,3,1,5,100,0.1,1.0,0.9090909090909091,0,0,2,0.1
392,0.04904117313,0.08138223844199999,0.8695559303660001,416.0,/tmpdir/job/37847.416,Both,200000,2.5,3,1,5,100,0.1,1.0,0.9090909090909091,0,0,2,0.1
393,0.163761225765,0.257735342281,0.578491291065,417.0,/tmpdir/job/37847.417,Defector,200000,3.0,3,1,5,100,0.1,1.0,0.9090909090909091,0,0,2,0.1
394,0.133328436359,0.210800386305,0.6558549513889999,418.0,/tmpdir/job/37847.418,Loner,200000,3.0,3,1,5,100,0.1,1.0,0.9090909090909091,0,0,2,0.1
395,0.053068995468,0.07855150747400001,0.8683555420150001,420.0,/tmpdir/job/37847.420,Both,200000,3.0,3,1,5,100,0.1,1.0,0.9090909090909091,0,0,2,0.1
396,0.0,0.0,1.0,421.0,/tmpdir/job/37847.421,Defector,200000,0.0,3,1,5,100,0.1,1.0,0.9090909090909091,0,0,2,0.1
397,0.0,0.0,1.0,422.0,/tmpdir/job/37847.422,Loner,200000,0.0,3,1,5,100,0.1,1.0,0.9090909090909091,0,0,2,0.1
398,0.0,0.0,1.0,423.0,/tmpdir/job/37847.423,Neither,200000,0.0,3,1,5,100,0.1,1.0,0.9090909090909091,0,0,2,0.1
399,0.0,0.0,1.0,424.0,/tmpdir/job/37847.424,Both,200000,0.0,3,1,5,100,0.1,1.0,0.9090909090909091,0,0,2,0.1
400,0.0029379253219999997,1.0997805999999998e-05,0.9970329480000001,425.0,/tmpdir/job/37847.425,Defector,200000,0.5,3,1,5,100,0.1,1.0,0.9090909090909091,0,0,2,0.1
401,0.0006663124210000001,3.5323669e-05,0.9992941629999998,426.0,/tmpdir/job/37847.426,Loner,200000,0.5,3,1,5,100,0.1,1.0,0.9090909090909091,0,0,2,0.1
402,0.00270718869,1.0862803e-05,0.9972645080000002,427.0,/tmpdir/job/37847.427,Neither,200000,0.5,3,1,5,100,0.1,1.0,0.9090909090909091,0,0,2,0.1
403,0.00067522738,3.662632e-05,0.9992837619999998,428.0,/tmpdir/job/37847.428,Both,200000,0.5,3,1,5,100,0.1,1.0,0.9090909090909091,0,0,2,0.1
404,0.156788402695,0.0783840777844,0.7648181485590001,429.0,/tmpdir/job/37847.429,Defector,200000,1.0,3,1,5,100,0.1,1.0,0.9090909090909091,0,0,2,0.1
405,0.091408016813,0.06793442673899999,0.840650270235,430.0,/tmpdir/job/37847.430,Loner,200000,1.0,3,1,5,100,0.1,1.0,0.9090909090909091,0,0,2,0.1
406,0.11749044623900003,0.0871682547835,0.7953270192329999,431.0,/tmpdir/job/37847.431,Neither,200000,1.0,3,1,5,100,0.1,1.0,0.9090909090909091,0,0,2,0.1
407,0.037983211311,0.023874996765,0.9381373049899999,432.0,/tmpdir/job/37847.432,Both,200000,1.0,3,1,5,100,0.1,1.0,0.9090909090909091,0,0,2,0.1
408,0.131952704965,0.10902183395100001,0.7590186174130001,433.0,/tmpdir/job/37847.433,Defector,200000,1.5,3,1,5,100,0.1,1.0,0.9090909090909091,0,0,2,0.1
409,0.094532640975,0.100843682477,0.804617201075,434.0,/tmpdir/job/37847.434,Loner,200000,1.5,3,1,5,100,0.1,1.0,0.9090909090909091,0,0,2,0.1
410,0.12005553339599999,0.1067751283075,0.773155554908,435.0,/tmpdir/job/37847.435,Neither,200000,1.5,3,1,5,100,0.1,1.0,0.9090909090909091,0,0,2,0.1
411,0.03366675990699999,0.036345289301,0.9299851334050001,436.0,/tmpdir/job/37847.436,Both,200000,1.5,3,1,5,100,0.1,1.0,0.9090909090909091,0,0,2,0.1
412,0.17289034858000002,0.18507367075799996,0.6420241218220001,437.0,/tmpdir/job/37847.437,Defector,200000,2.0,3,1,5,100,0.1,1.0,0.9090909090909091,0,0,2,0.1
413,0.131230637522,0.17999690623800002,0.6887571101740001,438.0,/tmpdir/job/37847.438,Loner,200000,2.0,3,1,5,100,0.1,1.0,0.9090909090909091,0,0,2,0.1
414,0.1589582731706,0.15682351950559997,0.6841957398449999,439.0,/tmpdir/job/37847.439,Neither,200000,2.0,3,1,5,100,0.1,1.0,0.9090909090909091,0,0,2,0.1
415,0.04939849726300001,0.06318249411299999,0.887400898609,440.0,/tmpdir/job/37847.440,Both,200000,2.0,3,1,5,100,0.1,1.0,0.9090909090909091,0,0,2,0.1
416,0.158578859034,0.223357068799,0.6180529201759998,441.0,/tmpdir/job/37847.441,Defector,200000,2.5,3,1,5,100,0.1,1.0,0.9090909090909091,0,0,2,0.1
417,0.12913143343999997,0.18761427505400002,0.683238316482,442.0,/tmpdir/job/37847.442,Loner,200000,2.5,3,1,5,100,0.1,1.0,0.9090909090909091,0,0,2,0.1
418,0.1541570690396,0.174786661064,0.671035058046,443.0,/tmpdir/job/37847.443,Neither,200000,2.5,3,1,5,100,0.1,1.0,0.9090909090909091,0,0,2,0.1
419,0.048190960235,0.073336846075,0.87845046863,444.0,/tmpdir/job/37847.444,Both,200000,2.5,3,1,5,100,0.1,1.0,0.9090909090909091,0,0,2,0.1
420,0.15302495317066667,0.22680968486133332,0.6201544735213332,445.0,/tmpdir/job/37847.445,Defector,200000,3.0,3,1,5,100,0.1,1.0,0.9090909090909091,0,0,2,0.1
421,0.12898527706000001,0.207267801769,0.6637307695967001,446.0,/tmpdir/job/37847.446,Loner,200000,3.0,3,1,5,100,0.1,1.0,0.9090909090909091,0,0,2,0.1
422,0.048627617488000006,0.069831315122,0.8815165391550002,448.0,/tmpdir/job/37847.448,Both,200000,3.0,3,1,5,100,0.1,1.0,0.9090909090909091,0,0,2,0.1
423,0.0,0.0,1.0,449.0,/tmpdir/job/37847.449,Defector,200000,0.0,3,1,5,100,0.1,1.0,0.9090909090909091,0,0,2,0.1
424,0.0,0.0,1.0,450.0,/tmpdir/job/37847.450,Loner,200000,0.0,3,1,5,100,0.1,1.0,0.9090909090909091,0,0,2,0.1
425,0.0,0.0,1.0,451.0,/tmpdir/job/37847.451,Neither,200000,0.0,3,1,5,100,0.1,1.0,0.9090909090909091,0,0,2,0.1
426,0.0,0.0,1.0,452.0,/tmpdir/job/37847.452,Both,200000,0.0,3,1,5,100,0.1,1.0,0.9090909090909091,0,0,2,0.1
427,0.0027901822419999995,1.029329e-05,0.997183269,453.0,/tmpdir/job/37847.453,Defector,200000,0.5,3,1,5,100,0.1,1.0,0.9090909090909091,0,0,2,0.1
428,0.0007402339140000001,3.2512149e-05,0.9992228620000002,454.0,/tmpdir/job/37847.454,Loner,200000,0.5,3,1,5,100,0.1,1.0,0.9090909090909091,0,0,2,0.1
429,0.003285232915,1.1007424e-05,0.996684641,455.0,/tmpdir/job/37847.455,Neither,200000,0.5,3,1,5,100,0.1,1.0,0.9090909090909091,0,0,2,0.1
430,0.0007342523169999999,3.6662903e-05,0.9992243880000001,456.0,/tmpdir/job/37847.456,Both,200000,0.5,3,1,5,100,0.1,1.0,0.9090909090909091,0,0,2,0.1
431,0.159597054483,0.08044602398600001,0.7599486505649999,457.0,/tmpdir/job/37847.457,Defector,200000,1.0,3,1,5,100,0.1,1.0,0.9090909090909091,0,0,2,0.1
432,0.083207971369,0.05205516895100001,0.864730439412,458.0,/tmpdir/job/37847.458,Loner,200000,1.0,3,1,5,100,0.1,1.0,0.9090909090909091,0,0,2,0.1
433,0.11578315722599998,0.08207616799699999,0.8021263828640001,459.0,/tmpdir/job/37847.459,Neither,200000,1.0,3,1,5,100,0.1,1.0,0.9090909090909091,0,0,2,0.1
434,0.044350274083,0.020780854618000003,0.9348644236970002,460.0,/tmpdir/job/37847.460,Both,200000,1.0,3,1,5,100,0.1,1.0,0.9090909090909091,0,0,2,0.1
435,0.138280429859,0.12133144807199998,0.7403809349990002,461.0,/tmpdir/job/37847.461,Defector,200000,1.5,3,1,5,100,0.1,1.0,0.9090909090909091,0,0,2,0.1
436,0.092248680752,0.10413951839700002,0.803605381757,462.0,/tmpdir/job/37847.462,Loner,200000,1.5,3,1,5,100,0.1,1.0,0.9090909090909091,0,0,2,0.1
437,0.110888506676,0.1055602914797,0.783537978343,463.0,/tmpdir/job/37847.463,Neither,200000,1.5,3,1,5,100,0.1,1.0,0.9090909090909091,0,0,2,0.1
438,0.030862923277,0.033654825772600004,0.9354795712839999,464.0,/tmpdir/job/37847.464,Both,200000,1.5,3,1,5,100,0.1,1.0,0.9090909090909091,0,0,2,0.1
439,0.176104358595,0.18878578358199996,0.635098877793,465.0,/tmpdir/job/37847.465,Defector,200000,2.0,3,1,5,100,0.1,1.0,0.9090909090909091,0,0,2,0.1
440,0.131665750232,0.17450712796700002,0.6938110368389999,466.0,/tmpdir/job/37847.466,Loner,200000,2.0,3,1,5,100,0.1,1.0,0.9090909090909091,0,0,2,0.1
441,0.153087079028,0.14694033223300002,0.699951421555,467.0,/tmpdir/job/37847.467,Neither,200000,2.0,3,1,5,100,0.1,1.0,0.9090909090909091,0,0,2,0.1
442,0.046338880634999996,0.06691046090999998,0.8867327885490001,468.0,/tmpdir/job/37847.468,Both,200000,2.0,3,1,5,100,0.1,1.0,0.9090909090909091,0,0,2,0.1
443,0.162158209404,0.21778014219199998,0.620052209032,469.0,/tmpdir/job/37847.469,Defector,200000,2.5,3,1,5,100,0.1,1.0,0.9090909090909091,0,0,2,0.1
444,0.12399904236299997,0.18775910001900004,0.688226264521,470.0,/tmpdir/job/37847.470,Loner,200000,2.5,3,1,5,100,0.1,1.0,0.9090909090909091,0,0,2,0.1
445,0.145739586801,0.18213599704000002,0.6721031473279999,471.0,/tmpdir/job/37847.471,Neither,200000,2.5,3,1,5,100,0.1,1.0,0.9090909090909091,0,0,2,0.1
446,0.0436784278456,0.0773896925726,0.878910310455,472.0,/tmpdir/job/37847.472,Both,200000,2.5,3,1,5,100,0.1,1.0,0.9090909090909091,0,0,2,0.1
447,0.157644344068,0.23137836567800002,0.6109658980480001,473.0,/tmpdir/job/37847.473,Defector,200000,3.0,3,1,5,100,0.1,1.0,0.9090909090909091,0,0,2,0.1
448,0.12974722933733332,0.19649996752866666,0.6737372444786666,474.0,/tmpdir/job/37847.474,Loner,200000,3.0,3,1,5,100,0.1,1.0,0.9090909090909091,0,0,2,0.1
449,0.050691662292,0.08401033210400001,0.8652758137680001,476.0,/tmpdir/job/37847.476,Both,200000,3.0,3,1,5,100,0.1,1.0,0.9090909090909091,0,0,2,0.1
450,0.0,0.0,1.0,477.0,/tmpdir/job/37847.477,Defector,200000,0.0,3,1,5,100,0.1,1.0,0.9090909090909091,0,0,2,0.1
451,0.0,0.0,1.0,478.0,/tmpdir/job/37847.478,Loner,200000,0.0,3,1,5,100,0.1,1.0,0.9090909090909091,0,0,2,0.1
452,0.0,0.0,1.0,479.0,/tmpdir/job/37847.479,Neither,200000,0.0,3,1,5,100,0.1,1.0,0.9090909090909091,0,0,2,0.1
453,0.0,0.0,1.0,480.0,/tmpdir/job/37847.480,Both,200000,0.0,3,1,5,100,0.1,1.0,0.9090909090909091,0,0,2,0.1
454,0.002461119386,1.0265616e-05,0.9975130239999999,481.0,/tmpdir/job/37847.481,Defector,200000,0.5,3,1,5,100,0.1,1.0,0.9090909090909091,0,0,2,0.1
455,0.000646214622,2.7718997000000002e-05,0.9993219040000001,482.0,/tmpdir/job/37847.482,Loner,200000,0.5,3,1,5,100,0.1,1.0,0.9090909090909091,0,0,2,0.1
456,0.002506206744,1.0316491e-05,0.9974677459999999,483.0,/tmpdir/job/37847.483,Neither,200000,0.5,3,1,5,100,0.1,1.0,0.9090909090909091,0,0,2,0.1
457,0.000663490786,3.1263904e-05,0.9993013239999998,484.0,/tmpdir/job/37847.484,Both,200000,0.5,3,1,5,100,0.1,1.0,0.9090909090909091,0,0,2,0.1
458,0.158959281122,0.08250088742240001,0.7585314818080002,485.0,/tmpdir/job/37847.485,Defector,200000,1.0,3,1,5,100,0.1,1.0,0.9090909090909091,0,0,2,0.1
459,0.082738166625,0.057993880232,0.8592619737459999,486.0,/tmpdir/job/37847.486,Loner,200000,1.0,3,1,5,100,0.1,1.0,0.9090909090909091,0,0,2,0.1
460,0.12693925871300005,0.08624803485900001,0.7867983584930002,487.0,/tmpdir/job/37847.487,Neither,200000,1.0,3,1,5,100,0.1,1.0,0.9090909090909091,0,0,2,0.1
461,0.037616039711000006,0.020683272067000002,0.9416967369499999,488.0,/tmpdir/job/37847.488,Both,200000,1.0,3,1,5,100,0.1,1.0,0.9090909090909091,0,0,2,0.1
462,0.134717174674,0.11273753905840002,0.752538674743,489.0,/tmpdir/job/37847.489,Defector,200000,1.5,3,1,5,100,0.1,1.0,0.9090909090909091,0,0,2,0.1
463,0.09048792477300001,0.10007771093199999,0.8094279843450003,490.0,/tmpdir/job/37847.490,Loner,200000,1.5,3,1,5,100,0.1,1.0,0.9090909090909091,0,0,2,0.1
464,0.11806279541100001,0.10548251161500002,0.7764417073549998,491.0,/tmpdir/job/37847.491,Neither,200000,1.5,3,1,5,100,0.1,1.0,0.9090909090909091,0,0,2,0.1
465,0.03627154481,0.037409354328,0.9263159749740001,492.0,/tmpdir/job/37847.492,Both,200000,1.5,3,1,5,100,0.1,1.0,0.9090909090909091,0,0,2,0.1
466,0.172061665636,0.184741580465,0.643185356344,493.0,/tmpdir/job/37847.493,Defector,200000,2.0,3,1,5,100,0.1,1.0,0.9090909090909091,0,0,2,0.1
467,0.13270827981400002,0.178388019074,0.6888871859119999,494.0,/tmpdir/job/37847.494,Loner,200000,2.0,3,1,5,100,0.1,1.0,0.9090909090909091,0,0,2,0.1
468,0.15866559208399997,0.159243043373,0.682070014343,495.0,/tmpdir/job/37847.495,Neither,200000,2.0,3,1,5,100,0.1,1.0,0.9090909090909091,0,0,2,0.1
469,0.04523098572999999,0.065620095628,0.8891307967299998,496.0,/tmpdir/job/37847.496,Both,200000,2.0,3,1,5,100,0.1,1.0,0.9090909090909091,0,0,2,0.1
470,0.15731245794099996,0.219126382653,0.623549723192,497.0,/tmpdir/job/37847.497,Defector,200000,2.5,3,1,5,100,0.1,1.0,0.9090909090909091,0,0,2,0.1
471,0.12415260273700002,0.18798795521199999,0.687843236529,498.0,/tmpdir/job/37847.498,Loner,200000,2.5,3,1,5,100,0.1,1.0,0.9090909090909091,0,0,2,0.1
472,0.14898754248799997,0.1660876052062,0.684903326194,499.0,/tmpdir/job/37847.499,Neither,200000,2.5,3,1,5,100,0.1,1.0,0.9090909090909091,0,0,2,0.1
473,0.044661124627999996,0.073641476427,0.881676141957,500.0,/tmpdir/job/37847.500,Both,200000,2.5,3,1,5,100,0.1,1.0,0.9090909090909091,0,0,2,0.1
474,0.124171874776,0.19633909784800002,0.6794732156,502.0,/tmpdir/job/37847.502,Loner,200000,3.0,3,1,5,100,0.1,1.0,0.9090909090909091,0,0,2,0.1
475,0.158299674156,0.17289094999200003,0.6687854812999999,503.0,/tmpdir/job/37847.503,Neither,200000,3.0,3,1,5,100,0.1,1.0,0.9090909090909091,0,0,2,0.1
476,0.049535525484,0.079101448623,0.871340978506,504.0,/tmpdir/job/37847.504,Both,200000,3.0,3,1,5,100,0.1,1.0,0.9090909090909091,0,0,2,0.1
477,0.0,0.0,1.0,505.0,/tmpdir/job/37847.505,Defector,200000,0.0,3,1,5,100,0.1,1.0,0.9090909090909091,0,0,2,0.1
478,0.0,0.0,1.0,506.0,/tmpdir/job/37847.506,Loner,200000,0.0,3,1,5,100,0.1,1.0,0.9090909090909091,0,0,2,0.1
479,0.0,0.0,1.0,507.0,/tmpdir/job/37847.507,Neither,200000,0.0,3,1,5,100,0.1,1.0,0.9090909090909091,0,0,2,0.1
480,0.0,0.0,1.0,508.0,/tmpdir/job/37847.508,Both,200000,0.0,3,1,5,100,0.1,1.0,0.9090909090909091,0,0,2,0.1
481,0.0034578156534,1.0912990999999999e-05,0.9965120370000001,509.0,/tmpdir/job/37847.509,Defector,200000,0.5,3,1,5,100,0.1,1.0,0.9090909090909091,0,0,2,0.1
482,0.0006647281840000001,3.3701517e-05,0.999297355,510.0,/tmpdir/job/37847.510,Loner,200000,0.5,3,1,5,100,0.1,1.0,0.9090909090909091,0,0,2,0.1
483,0.0032958691040000003,9.750050000000002e-06,0.996674893,511.0,/tmpdir/job/37847.511,Neither,200000,0.5,3,1,5,100,0.1,1.0,0.9090909090909091,0,0,2,0.1
484,0.000675146831,3.5042753e-05,0.999285492,512.0,/tmpdir/job/37847.512,Both,200000,0.5,3,1,5,100,0.1,1.0,0.9090909090909091,0,0,2,0.1
485,0.159030276922,0.08257469772890001,0.7583863201520001,513.0,/tmpdir/job/37847.513,Defector,200000,1.0,3,1,5,100,0.1,1.0,0.9090909090909091,0,0,2,0.1
486,0.08612247024599999,0.056146108249,0.8577241408430001,514.0,/tmpdir/job/37847.514,Loner,200000,1.0,3,1,5,100,0.1,1.0,0.9090909090909091,0,0,2,0.1
487,0.114121765858,0.083419258422,0.802445261358,515.0,/tmpdir/job/37847.515,Neither,200000,1.0,3,1,5,100,0.1,1.0,0.9090909090909091,0,0,2,0.1
488,0.044996901557,0.022528139794,0.9324710753559999,516.0,/tmpdir/job/37847.516,Both,200000,1.0,3,1,5,100,0.1,1.0,0.9090909090909091,0,0,2,0.1
489,0.143687713726,0.12302895981599998,0.733276316112,517.0,/tmpdir/job/37847.517,Defector,200000,1.5,3,1,5,100,0.1,1.0,0.9090909090909091,0,0,2,0.1
490,0.085419278593,0.09799996646200002,0.8165747811340001,518.0,/tmpdir/job/37847.518,Loner,200000,1.5,3,1,5,100,0.1,1.0,0.9090909090909091,0,0,2,0.1
491,0.11658537555899999,0.111749101926,0.7716498697209998,519.0,/tmpdir/job/37847.519,Neither,200000,1.5,3,1,5,100,0.1,1.0,0.9090909090909091,0,0,2,0.1
492,0.033455229399,0.038906051786000005,0.9276354122300002,520.0,/tmpdir/job/37847.520,Both,200000,1.5,3,1,5,100,0.1,1.0,0.9090909090909091,0,0,2,0.1
493,0.1732031349245,0.1830186792225,0.6437669402380001,521.0,/tmpdir/job/37847.521,Defector,200000,2.0,3,1,5,100,0.1,1.0,0.9090909090909091,0,0,2,0.1
494,0.127909799541,0.170921712661,0.7011522580030001,522.0,/tmpdir/job/37847.522,Loner,200000,2.0,3,1,5,100,0.1,1.0,0.9090909090909091,0,0,2,0.1
495,0.15916439810549998,0.1648462281285,0.675968085015,523.0,/tmpdir/job/37847.523,Neither,200000,2.0,3,1,5,100,0.1,1.0,0.9090909090909091,0,0,2,0.1
496,0.04795816611600001,0.07297152220299999,0.8790525477370001,524.0,/tmpdir/job/37847.524,Both,200000,2.0,3,1,5,100,0.1,1.0,0.9090909090909091,0,0,2,0.1
497,0.153807375203,0.22820376244499996,0.617976876283,525.0,/tmpdir/job/37847.525,Defector,200000,2.5,3,1,5,100,0.1,1.0,0.9090909090909091,0,0,2,0.1
498,0.12838450824300002,0.191118202001,0.680480398556,526.0,/tmpdir/job/37847.526,Loner,200000,2.5,3,1,5,100,0.1,1.0,0.9090909090909091,0,0,2,0.1
499,0.145297036356,0.1835307140896,0.671150840029,527.0,/tmpdir/job/37847.527,Neither,200000,2.5,3,1,5,100,0.1,1.0,0.9090909090909091,0,0,2,0.1
500,0.044643311406,0.067608159628,0.8877278607060001,528.0,/tmpdir/job/37847.528,Both,200000,2.5,3,1,5,100,0.1,1.0,0.9090909090909091,0,0,2,0.1
501,0.18218861115199997,0.268674131312,0.549125224884,529.0,/tmpdir/job/37847.529,Defector,200000,3.0,3,1,5,100,0.1,1.0,0.9090909090909091,0,0,2,0.1
502,0.135571351258,0.20073969902400005,0.6636729364820001,530.0,/tmpdir/job/37847.530,Loner,200000,3.0,3,1,5,100,0.1,1.0,0.9090909090909091,0,0,2,0.1
503,0.1373014182824,0.17643740130639998,0.6862401851400001,531.0,/tmpdir/job/37847.531,Neither,200000,3.0,3,1,5,100,0.1,1.0,0.9090909090909091,0,0,2,0.1
504,0.04497742141600001,0.079117843523,0.875882414593,532.0,/tmpdir/job/37847.532,Both,200000,3.0,3,1,5,100,0.1,1.0,0.9090909090909091,0,0,2,0.1
505,0.0,0.0,1.0,533.0,/tmpdir/job/37847.533,Defector,200000,0.0,3,1,5,100,0.1,1.0,0.9090909090909091,0,0,2,0.1
506,0.0,0.0,1.0,534.0,/tmpdir/job/37847.534,Loner,200000,0.0,3,1,5,100,0.1,1.0,0.9090909090909091,0,0,2,0.1
507,0.0,0.0,1.0,535.0,/tmpdir/job/37847.535,Neither,200000,0.0,3,1,5,100,0.1,1.0,0.9090909090909091,0,0,2,0.1
508,0.0,0.0,1.0,536.0,/tmpdir/job/37847.536,Both,200000,0.0,3,1,5,100,0.1,1.0,0.9090909090909091,0,0,2,0.1
509,0.0032149208949999995,1.0871982e-05,0.99675592,537.0,/tmpdir/job/37847.537,Defector,200000,0.5,3,1,5,100,0.1,1.0,0.9090909090909091,0,0,2,0.1
510,0.000692066066,3.7299518999999996e-05,0.9992660389999999,538.0,/tmpdir/job/37847.538,Loner,200000,0.5,3,1,5,100,0.1,1.0,0.9090909090909091,0,0,2,0.1
511,0.0039029047240000006,1.0154926e-05,0.9960665440000002,539.0,/tmpdir/job/37847.539,Neither,200000,0.5,3,1,5,100,0.1,1.0,0.9090909090909091,0,0,2,0.1
512,0.000585603361,3.7398938e-05,0.9993730940000001,540.0,/tmpdir/job/37847.540,Both,200000,0.5,3,1,5,100,0.1,1.0,0.9090909090909091,0,0,2,0.1
513,0.14907648857800002,0.077926832626,0.772988201292,541.0,/tmpdir/job/37847.541,Defector,200000,1.0,3,1,5,100,0.1,1.0,0.9090909090909091,0,0,2,0.1
514,0.08042520078400002,0.057201481227499996,0.8623659687769999,542.0,/tmpdir/job/37847.542,Loner,200000,1.0,3,1,5,100,0.1,1.0,0.9090909090909091,0,0,2,0.1
515,0.12062423005,0.08103203106359999,0.7983298316209999,543.0,/tmpdir/job/37847.543,Neither,200000,1.0,3,1,5,100,0.1,1.0,0.9090909090909091,0,0,2,0.1
516,0.04067916395,0.022148345924,0.937168507426,544.0,/tmpdir/job/37847.544,Both,200000,1.0,3,1,5,100,0.1,1.0,0.9090909090909091,0,0,2,0.1
517,0.12832928545199998,0.12188089635999999,0.749782982214,545.0,/tmpdir/job/37847.545,Defector,200000,1.5,3,1,5,100,0.1,1.0,0.9090909090909091,0,0,2,0.1
518,0.087625974288,0.10570204525000003,0.8066652263750002,546.0,/tmpdir/job/37847.546,Loner,200000,1.5,3,1,5,100,0.1,1.0,0.9090909090909091,0,0,2,0.1
519,0.11510187990500001,0.10113743278720001,0.7837463427519997,547.0,/tmpdir/job/37847.547,Neither,200000,1.5,3,1,5,100,0.1,1.0,0.9090909090909091,0,0,2,0.1
520,0.031745162767,0.035882386733999995,0.9323690984820001,548.0,/tmpdir/job/37847.548,Both,200000,1.5,3,1,5,100,0.1,1.0,0.9090909090909091,0,0,2,0.1
521,0.172196281217,0.18400648907,0.643784907972,549.0,/tmpdir/job/37847.549,Defector,200000,2.0,3,1,5,100,0.1,1.0,0.9090909090909091,0,0,2,0.1
522,0.13052078976899997,0.181276198088,0.6881884615430001,550.0,/tmpdir/job/37847.550,Loner,200000,2.0,3,1,5,100,0.1,1.0,0.9090909090909091,0,0,2,0.1
523,0.16085194022860003,0.163232472141,0.6758931171029999,551.0,/tmpdir/job/37847.551,Neither,200000,2.0,3,1,5,100,0.1,1.0,0.9090909090909091,0,0,2,0.1
524,0.0478687914,0.065228476098,0.8868850442839998,552.0,/tmpdir/job/37847.552,Both,200000,2.0,3,1,5,100,0.1,1.0,0.9090909090909091,0,0,2,0.1
525,0.16721574228599997,0.22705542439,0.6057172538,553.0,/tmpdir/job/37847.553,Defector,200000,2.5,3,1,5,100,0.1,1.0,0.9090909090909091,0,0,2,0.1
526,0.14492688999999997,0.173490134476,0.6815631554280001,555.0,/tmpdir/job/37847.555,Neither,200000,2.5,3,1,5,100,0.1,1.0,0.9090909090909091,0,0,2,0.1
527,0.045851747102999996,0.06596193059800001,0.888164673148,556.0,/tmpdir/job/37847.556,Both,200000,2.5,3,1,5,100,0.1,1.0,0.9090909090909091,0,0,2,0.1
528,0.125869011896,0.19934287770933337,0.6747735102506667,558.0,/tmpdir/job/37847.558,Loner,200000,3.0,3,1,5,100,0.1,1.0,0.9090909090909091,0,0,2,0.1
529,0.143606602964,0.16830269371600004,0.688069713372,559.0,/tmpdir/job/37847.559,Neither,200000,3.0,3,1,5,100,0.1,1.0,0.9090909090909091,0,0,2,0.1
530,0.043644163092,0.07515412964666668,0.8811785229986665,560.0,/tmpdir/job/37847.560,Both,200000,3.0,3,1,5,100,0.1,1.0,0.9090909090909091,0,0,2,0.1
