,C,D,L,p,norm
1,0.1078,0.08307,0.809,1,Defector
782,0.1183,0.0871,0.7944,1,Loner
783,0.11694,0.09875,0.784,1,Neither
784,0.1139,0.08386,0.8022,1,Both
482,0.1193,0.09705,0.7837,1,Loner
1144,0.1268,0.07825,0.795,1,Both
1143,0.1216,0.0899,0.7886,1,Neither
841,0.11316,0.08923,0.7974,1,Defector
842,0.1174,0.0814,0.8013,1,Loner
184,0.12036,0.0871,0.7925,1,Both
183,0.1176,0.0899,0.7925,1,Neither
182,0.10516,0.08075,0.814,1,Loner
181,0.1099,0.086,0.804,1,Defector
843,0.11646,0.08124,0.8022,1,Neither
844,0.1237,0.0899,0.7866,1,Both
781,0.1209,0.08636,0.7925,1,Defector
1142,0.11523,0.0791,0.8057,1,Loner
901,0.1171,0.08044,0.8022,1,Defector
902,0.1126,0.0884,0.799,1,Loner
903,0.1138,0.08655,0.8,1,Neither
904,0.1133,0.0837,0.803,1,Both
124,0.1285,0.09,0.7812,1,Both
123,0.10864,0.0866,0.8047,1,Neither
122,0.10205,0.0802,0.818,1,Loner
121,0.1209,0.08344,0.796,1,Defector
961,0.1219,0.0897,0.7886,1,Defector
962,0.1052,0.08234,0.8125,1,Loner
963,0.10925,0.08655,0.804,1,Neither
964,0.1166,0.09595,0.7876,1,Both
1021,0.1159,0.08923,0.795,1,Defector
1022,0.1072,0.0799,0.813,1,Loner
1141,0.1154,0.0888,0.796,1,Defector
241,0.1076,0.0898,0.8027,1,Defector
242,0.118,0.09076,0.791,1,Loner
243,0.11566,0.0874,0.797,1,Neither
483,0.1172,0.08795,0.795,1,Neither
484,0.12067,0.0941,0.785,1,Both
424,0.12054,0.0903,0.789,1,Both
423,0.1125,0.07935,0.808,1,Neither
422,0.11456,0.0838,0.802,1,Loner
421,0.1164,0.0858,0.798,1,Defector
541,0.1222,0.0889,0.789,1,Defector
542,0.1356,0.086,0.7783,1,Loner
543,0.11676,0.08545,0.798,1,Neither
544,0.1162,0.08746,0.7964,1,Both
364,0.1215,0.0952,0.783,1,Both
363,0.12006,0.09357,0.786,1,Neither
362,0.1285,0.0856,0.7856,1,Loner
361,0.111,0.08014,0.8086,1,Defector
601,0.1093,0.0776,0.813,1,Defector
602,0.1272,0.0885,0.784,1,Loner
603,0.11316,0.08875,0.798,1,Neither
244,0.1213,0.0854,0.7935,1,Both
724,0.108,0.08453,0.8076,1,Both
723,0.1086,0.096,0.7954,1,Neither
722,0.1218,0.0853,0.793,1,Loner
721,0.1088,0.0831,0.808,1,Defector
301,0.1004,0.08026,0.8193,1,Defector
1023,0.11664,0.083,0.8003,1,Neither
302,0.1175,0.0817,0.801,1,Loner
304,0.1243,0.0885,0.787,1,Both
664,0.1176,0.0829,0.7993,1,Both
663,0.1132,0.0846,0.8022,1,Neither
662,0.11487,0.08466,0.8003,1,Loner
661,0.1129,0.085,0.8022,1,Defector
604,0.1088,0.0891,0.8022,1,Both
303,0.1266,0.08856,0.7847,1,Neither
1024,0.1155,0.0767,0.8076,1,Both
481,0.1129,0.0852,0.802,1,Defector
64,0.1157,0.086,0.7983,1,Both
2,0.1261,0.08655,0.787,1,Loner
3,0.12164,0.09186,0.7866,1,Neither
4,0.1182,0.0841,0.798,1,Both
1084,0.1163,0.0824,0.8013,1,Both
1083,0.1129,0.0832,0.8037,1,Neither
1082,0.11536,0.08093,0.8037,1,Loner
61,0.1097,0.0865,0.8037,1,Defector
62,0.11066,0.08746,0.802,1,Loner
63,0.12146,0.0849,0.7935,1,Neither
1081,0.10956,0.0881,0.8022,1,Defector
605,0.1459,0.0745,0.78,2,Defector
727,0.1376,0.0892,0.773,2,Neither
365,0.1665,0.08246,0.751,2,Defector
366,0.09216,0.064,0.8438,2,Loner
787,0.1247,0.08887,0.7866,2,Neither
368,0.04102,0.02373,0.935,2,Both
606,0.08026,0.06073,0.859,2,Loner
128,0.04294,0.02625,0.9307,2,Both
127,0.1197,0.0895,0.791,2,Neither
126,0.0815,0.05908,0.8594,2,Loner
125,0.1542,0.0774,0.7686,2,Defector
728,0.03958,0.02357,0.937,2,Both
1148,0.04227,0.02592,0.9316,2,Both
367,0.1278,0.0918,0.7803,2,Neither
607,0.11273,0.0775,0.8096,2,Neither
726,0.07965,0.0567,0.864,2,Loner
1147,0.1295,0.09265,0.778,2,Neither
247,0.1161,0.0854,0.7983,2,Neither
246,0.0875,0.05963,0.853,2,Loner
668,0.0388,0.02496,0.936,2,Both
667,0.1205,0.08734,0.792,2,Neither
305,0.1571,0.0846,0.7583,2,Defector
306,0.095,0.066,0.839,2,Loner
307,0.1214,0.08167,0.797,2,Neither
905,0.1562,0.0812,0.7627,2,Defector
906,0.0888,0.0578,0.8535,2,Loner
907,0.1214,0.09125,0.787,2,Neither
908,0.04443,0.02554,0.93,2,Both
308,0.03964,0.02402,0.9365,2,Both
245,0.1619,0.0855,0.7524,2,Defector
185,0.148,0.07635,0.776,2,Defector
186,0.0851,0.06198,0.853,2,Loner
187,0.1224,0.08875,0.789,2,Neither
666,0.0859,0.05777,0.8564,2,Loner
665,0.1602,0.0856,0.7544,2,Defector
188,0.04214,0.02287,0.935,2,Both
845,0.1504,0.08057,0.769,2,Defector
725,0.1558,0.0896,0.7544,2,Defector
608,0.03656,0.02168,0.942,2,Both
846,0.08545,0.0594,0.855,2,Loner
547,0.11487,0.09576,0.7896,2,Neither
1087,0.1121,0.085,0.8027,2,Neither
65,0.1556,0.0738,0.7705,2,Defector
66,0.09406,0.06128,0.8447,2,Loner
67,0.12476,0.08136,0.794,2,Neither
68,0.03952,0.02234,0.938,2,Both
1025,0.153,0.0861,0.7607,2,Defector
1026,0.08356,0.05576,0.861,2,Loner
1027,0.11346,0.08734,0.7993,2,Neither
427,0.1102,0.08093,0.8086,2,Neither
1028,0.03583,0.02025,0.944,2,Both
1085,0.1444,0.0777,0.778,2,Defector
788,0.04327,0.0265,0.93,2,Both
847,0.11316,0.08734,0.7993,2,Neither
848,0.04016,0.01936,0.9404,2,Both
487,0.123,0.0891,0.788,2,Neither
486,0.0874,0.06024,0.8525,2,Loner
485,0.1544,0.079,0.7666,2,Defector
428,0.04062,0.02122,0.938,2,Both
426,0.08496,0.06238,0.8525,2,Loner
425,0.1621,0.0799,0.758,2,Defector
5,0.1521,0.0846,0.763,2,Defector
1086,0.0841,0.05804,0.858,2,Loner
785,0.1583,0.0883,0.7534,2,Defector
548,0.0365,0.02223,0.9414,2,Both
248,0.04077,0.0223,0.937,2,Both
546,0.0922,0.06165,0.846,2,Loner
545,0.1627,0.0824,0.755,2,Defector
965,0.1503,0.08124,0.7686,2,Defector
966,0.0812,0.05942,0.8594,2,Loner
967,0.1323,0.0877,0.78,2,Neither
968,0.04108,0.02267,0.936,2,Both
8,0.04037,0.01807,0.9414,2,Both
1145,0.1562,0.0794,0.764,2,Defector
1146,0.088,0.05722,0.855,2,Loner
786,0.08887,0.0644,0.8467,2,Loner
488,0.04022,0.01814,0.9414,2,Both
7,0.1287,0.0857,0.7856,2,Neither
6,0.0845,0.0589,0.8564,2,Loner
1088,0.03906,0.02151,0.9395,2,Both
250,0.167,0.1,0.733,3,Loner
1089,0.0652,0.02249,0.912,3,Defector
1092,0.0424,0.02414,0.9336,3,Both
1091,0.03683,0.02197,0.9414,3,Neither
1090,0.1501,0.0864,0.763,3,Loner
1150,0.1661,0.09216,0.7417,3,Loner
1149,0.0743,0.02654,0.8994,3,Defector
251,0.03897,0.02092,0.94,3,Neither
789,0.0758,0.02477,0.8994,3,Defector
790,0.1506,0.086,0.763,3,Loner
249,0.07605,0.02538,0.8984,3,Defector
252,0.05005,0.02574,0.9243,3,Both
612,0.0475,0.02509,0.9272,3,Both
732,0.0449,0.02502,0.93,3,Both
372,0.05396,0.02794,0.918,3,Both
552,0.0517,0.02777,0.9204,3,Both
551,0.03967,0.02,0.9404,3,Neither
550,0.1619,0.08875,0.7495,3,Loner
549,0.0731,0.02321,0.904,3,Defector
11,0.03836,0.01768,0.944,3,Neither
10,0.159,0.0878,0.753,3,Loner
371,0.04193,0.02148,0.9365,3,Neither
9,0.07996,0.02707,0.893,3,Defector
491,0.03674,0.02072,0.9424,3,Neither
490,0.1489,0.0874,0.7637,3,Loner
489,0.07294,0.02463,0.9023,3,Defector
429,0.07214,0.0249,0.903,3,Defector
430,0.1482,0.08704,0.7646,3,Loner
431,0.0382,0.01945,0.9424,3,Neither
432,0.04492,0.02664,0.928,3,Both
492,0.0479,0.02623,0.926,3,Both
370,0.1683,0.0896,0.742,3,Loner
369,0.0738,0.02621,0.9,3,Defector
12,0.04733,0.02454,0.928,3,Both
731,0.0429,0.02475,0.932,3,Neither
730,0.1694,0.0932,0.7373,3,Loner
729,0.0639,0.02222,0.914,3,Defector
1151,0.0409,0.02267,0.9365,3,Neither
1152,0.05167,0.02876,0.9194,3,Both
672,0.04724,0.02414,0.9287,3,Both
671,0.04376,0.02359,0.9326,3,Neither
670,0.167,0.1004,0.7324,3,Loner
669,0.0757,0.02426,0.9,3,Defector
309,0.07623,0.02591,0.898,3,Defector
310,0.1565,0.0839,0.76,3,Loner
311,0.0406,0.02469,0.9346,3,Neither
312,0.04724,0.02364,0.929,3,Both
791,0.04544,0.02347,0.931,3,Neither
611,0.04062,0.02127,0.938,3,Neither
610,0.1587,0.08856,0.753,3,Loner
609,0.06134,0.0206,0.918,3,Defector
69,0.08124,0.0275,0.891,3,Defector
792,0.04584,0.02417,0.93,3,Both
70,0.1644,0.09595,0.7397,3,Loner
972,0.04782,0.02422,0.9277,3,Both
912,0.04437,0.02548,0.93,3,Both
1032,0.04526,0.02429,0.9307,3,Both
1031,0.04083,0.0233,0.936,3,Neither
1030,0.1564,0.08624,0.7573,3,Loner
1029,0.0764,0.02519,0.8984,3,Defector
191,0.03802,0.02333,0.9385,3,Neither
129,0.0834,0.0282,0.888,3,Defector
190,0.1536,0.0849,0.7617,3,Loner
909,0.07385,0.02513,0.901,3,Defector
910,0.1512,0.0872,0.7617,3,Loner
911,0.04596,0.02142,0.9326,3,Neither
851,0.04266,0.0196,0.9375,3,Neither
849,0.0776,0.02617,0.8965,3,Defector
850,0.1595,0.0929,0.7476,3,Loner
189,0.0659,0.0225,0.9116,3,Defector
130,0.16,0.0876,0.7524,3,Loner
192,0.04926,0.0266,0.9243,3,Both
132,0.05344,0.0235,0.923,3,Both
852,0.04535,0.02577,0.9287,3,Both
971,0.04138,0.02223,0.9365,3,Neither
970,0.1577,0.09174,0.7505,3,Loner
71,0.04562,0.01967,0.9346,3,Neither
72,0.05484,0.02895,0.916,3,Both
969,0.0783,0.02565,0.896,3,Defector
131,0.0419,0.02167,0.9365,3,Neither
134,0.1301,0.0811,0.7886,4,Loner
1033,0.08093,0.02599,0.893,4,Defector
1034,0.1246,0.0802,0.7954,4,Loner
676,0.0984,0.0704,0.831,4,Both
675,0.0534,0.02988,0.9165,4,Neither
674,0.1278,0.07996,0.792,4,Loner
673,0.0767,0.02632,0.897,4,Defector
1036,0.1014,0.0708,0.8276,4,Both
556,0.09265,0.0647,0.843,4,Both
553,0.0794,0.02518,0.8955,4,Defector
554,0.128,0.07855,0.7935,4,Loner
555,0.05197,0.025,0.923,4,Neither
1035,0.05112,0.02623,0.923,4,Neither
913,0.0766,0.02693,0.8965,4,Defector
915,0.04742,0.02425,0.928,4,Neither
314,0.1274,0.0801,0.7925,4,Loner
135,0.05978,0.02708,0.913,4,Neither
136,0.1041,0.06854,0.827,4,Both
16,0.1022,0.0691,0.8286,4,Both
15,0.0534,0.02805,0.9185,4,Neither
916,0.1071,0.0688,0.824,4,Both
613,0.07825,0.02727,0.8945,4,Defector
614,0.1307,0.0809,0.7886,4,Loner
615,0.05063,0.02573,0.924,4,Neither
616,0.09576,0.0614,0.843,4,Both
14,0.1236,0.0765,0.8,4,Loner
313,0.0754,0.0248,0.9,4,Defector
13,0.08875,0.03023,0.881,4,Defector
1156,0.10626,0.0692,0.8247,4,Both
1155,0.05353,0.03008,0.9165,4,Neither
373,0.0877,0.029,0.8833,4,Defector
374,0.1307,0.0841,0.785,4,Loner
375,0.04764,0.02519,0.9272,4,Neither
1154,0.1259,0.0785,0.7954,4,Loner
914,0.1301,0.08154,0.788,4,Loner
376,0.0958,0.0653,0.839,4,Both
316,0.1055,0.07935,0.815,4,Both
315,0.05643,0.0292,0.9146,4,Neither
133,0.08325,0.02774,0.889,4,Defector
1153,0.072,0.02527,0.903,4,Defector
796,0.1045,0.0717,0.8237,4,Both
976,0.0952,0.072,0.8325,4,Both
193,0.07355,0.02672,0.9,4,Defector
76,0.1023,0.06885,0.829,4,Both
735,0.0503,0.02196,0.9277,4,Neither
736,0.10645,0.0726,0.821,4,Both
494,0.1327,0.0797,0.7876,4,Loner
493,0.07605,0.02576,0.898,4,Defector
973,0.0841,0.02606,0.8896,4,Defector
434,0.1284,0.078,0.7935,4,Loner
974,0.1438,0.0859,0.7705,4,Loner
256,0.1018,0.0641,0.834,4,Both
255,0.068,0.03192,0.9,4,Neither
254,0.1334,0.0851,0.7812,4,Loner
253,0.07684,0.02652,0.8965,4,Defector
194,0.1321,0.0771,0.791,4,Loner
436,0.0915,0.06366,0.8447,4,Both
435,0.04922,0.02777,0.923,4,Neither
975,0.0555,0.03107,0.9136,4,Neither
196,0.10236,0.0702,0.8276,4,Both
75,0.0528,0.02582,0.9214,4,Neither
74,0.11694,0.0729,0.81,4,Loner
795,0.04767,0.02547,0.927,4,Neither
1096,0.0935,0.06616,0.8403,4,Both
1095,0.04846,0.02396,0.9277,4,Neither
1094,0.12396,0.0754,0.801,4,Loner
794,0.12195,0.07947,0.7983,4,Loner
793,0.0744,0.02686,0.899,4,Defector
1093,0.0763,0.02873,0.895,4,Defector
734,0.1201,0.08325,0.7964,4,Loner
433,0.07684,0.02534,0.898,4,Defector
496,0.10266,0.06647,0.831,4,Both
495,0.05786,0.03012,0.912,4,Neither
856,0.0905,0.063,0.8467,4,Both
855,0.0608,0.02342,0.916,4,Neither
854,0.1354,0.0825,0.782,4,Loner
853,0.07654,0.02628,0.897,4,Defector
733,0.0781,0.02629,0.8955,4,Defector
73,0.0813,0.02676,0.892,4,Defector
195,0.05435,0.02419,0.9214,4,Neither
438,0.1215,0.0787,0.8,5,Loner
439,0.1138,0.0584,0.8276,5,Neither
440,0.2925,0.05383,0.654,5,Both
1160,0.5303,0.03674,0.4326,5,Both
1159,0.1093,0.05798,0.8325,5,Neither
437,0.501,0.0481,0.451,5,Defector
77,0.3633,0.04703,0.59,5,Defector
499,0.11743,0.06232,0.8203,5,Neither
79,0.1096,0.05618,0.834,5,Neither
498,0.1353,0.0912,0.7734,5,Loner
920,0.3845,0.04617,0.5693,5,Both
919,0.10583,0.06033,0.834,5,Neither
918,0.1436,0.0865,0.77,5,Loner
917,0.6094,0.04852,0.3423,5,Defector
497,0.711,0.0429,0.246,5,Defector
557,0.3826,0.0644,0.553,5,Defector
558,0.1255,0.08093,0.7935,5,Loner
559,0.1166,0.068,0.8154,5,Neither
78,0.12335,0.0828,0.794,5,Loner
560,0.3184,0.04874,0.633,5,Both
500,0.3164,0.05084,0.633,5,Both
379,0.10834,0.06097,0.8306,5,Neither
378,0.1437,0.08765,0.7686,5,Loner
377,0.6562,0.0442,0.2996,5,Defector
977,0.7573,0.0431,0.1995,5,Defector
978,0.1453,0.0898,0.765,5,Loner
979,0.1106,0.06006,0.829,5,Neither
980,0.3145,0.05298,0.6323,5,Both
80,0.291,0.05225,0.6567,5,Both
380,0.2964,0.0494,0.6543,5,Both
17,0.2952,0.06274,0.642,5,Defector
258,0.129,0.0772,0.794,5,Loner
19,0.113,0.0629,0.824,5,Neither
1100,0.2712,0.05533,0.6733,5,Both
1099,0.11707,0.05826,0.8247,5,Neither
738,0.1409,0.0851,0.774,5,Loner
1037,0.8184,0.03375,0.1477,5,Defector
1038,0.124,0.08167,0.7944,5,Loner
677,0.504,0.04718,0.449,5,Defector
678,0.1292,0.0763,0.7944,5,Loner
679,0.1061,0.0546,0.8394,5,Neither
680,0.3948,0.04446,0.5605,5,Both
740,0.2993,0.0595,0.641,5,Both
197,0.962,0.0249,0.01314,5,Defector
739,0.11334,0.05984,0.8267,5,Neither
1040,0.3884,0.05084,0.5605,5,Both
1039,0.11505,0.05624,0.8286,5,Neither
257,0.679,0.03644,0.2847,5,Defector
259,0.11084,0.0659,0.823,5,Neither
860,0.2505,0.05914,0.6904,5,Both
1097,0.9614,0.0248,0.01364,5,Defector
859,0.115,0.05893,0.826,5,Neither
858,0.146,0.0911,0.7627,5,Loner
857,0.964,0.02437,0.0118,5,Defector
737,0.5337,0.05228,0.414,5,Defector
18,0.1372,0.08777,0.775,5,Loner
317,0.781,0.0346,0.1846,5,Defector
1098,0.1315,0.08923,0.7793,5,Loner
319,0.1161,0.0613,0.8228,5,Neither
137,0.3828,0.05798,0.559,5,Defector
138,0.1329,0.08777,0.7793,5,Loner
139,0.1188,0.0628,0.8184,5,Neither
798,0.1511,0.0962,0.753,5,Loner
799,0.1156,0.05817,0.826,5,Neither
800,0.5757,0.04202,0.3823,5,Both
140,0.2267,0.06046,0.713,5,Both
617,0.2822,0.0638,0.654,5,Defector
618,0.1334,0.08826,0.7783,5,Loner
619,0.107,0.06305,0.83,5,Neither
318,0.1381,0.0846,0.7773,5,Loner
620,0.1962,0.05902,0.7446,5,Both
260,0.2131,0.05453,0.7324,5,Both
320,0.3132,0.05493,0.632,5,Both
797,0.2188,0.0561,0.725,5,Defector
1158,0.1355,0.0874,0.777,5,Loner
198,0.1384,0.08307,0.7783,5,Loner
199,0.1146,0.0586,0.8267,5,Neither
200,0.537,0.03674,0.4263,5,Both
20,0.2432,0.05145,0.7056,5,Both
1157,0.4546,0.05725,0.4883,5,Defector
803,0.03183,0.01581,0.952,6,Neither
744,0.338,0.05142,0.611,6,Both
801,0.176,0.02132,0.8027,6,Defector
743,0.0323,0.01319,0.9546,6,Neither
1041,0.1104,0.02098,0.8687,6,Defector
804,0.412,0.05923,0.529,6,Both
1042,0.1837,0.1059,0.7104,6,Loner
1043,0.02452,0.01007,0.9653,6,Neither
981,0.0678,0.02376,0.908,6,Defector
741,0.282,0.02252,0.6953,6,Defector
982,0.1843,0.10864,0.707,6,Loner
983,0.02448,0.00934,0.9663,6,Neither
1044,0.2886,0.05655,0.655,6,Both
802,0.1901,0.1071,0.7026,6,Loner
742,0.1707,0.1022,0.727,6,Loner
984,0.3208,0.05453,0.6245,6,Both
683,0.02646,0.01164,0.962,6,Neither
501,0.1747,0.02039,0.8047,6,Defector
1161,0.2976,0.02216,0.68,6,Defector
1162,0.1692,0.1024,0.7285,6,Loner
564,0.4336,0.04926,0.517,6,Both
562,0.1763,0.10803,0.716,6,Loner
621,0.3496,0.0242,0.626,6,Defector
622,0.1781,0.1007,0.721,6,Loner
623,0.02643,0.01152,0.962,6,Neither
1104,0.3625,0.05112,0.5864,6,Both
1103,0.03026,0.01153,0.958,6,Neither
1102,0.1881,0.11316,0.6987,6,Loner
1101,0.182,0.02206,0.796,6,Defector
561,0.10016,0.02052,0.8794,6,Defector
864,0.2803,0.062,0.6577,6,Both
863,0.02415,0.010376,0.9653,6,Neither
862,0.1812,0.1031,0.716,6,Loner
921,0.3232,0.0212,0.656,6,Defector
922,0.1821,0.1075,0.7104,6,Loner
923,0.02994,0.01353,0.9565,6,Neither
924,0.3796,0.05084,0.5693,6,Both
681,0.0641,0.01935,0.9165,6,Defector
682,0.1732,0.10547,0.721,6,Loner
684,0.2426,0.0628,0.6943,6,Both
1163,0.03033,0.0132,0.9565,6,Neither
1164,0.2664,0.05896,0.675,6,Both
504,0.3872,0.05212,0.5605,6,Both
503,0.03043,0.0122,0.9575,6,Neither
502,0.1698,0.10284,0.7275,6,Loner
861,0.1128,0.0249,0.8623,6,Defector
624,0.4788,0.0431,0.4783,6,Both
563,0.02486,0.01203,0.963,6,Neither
384,0.462,0.05133,0.4868,6,Both
24,0.3079,0.05988,0.6323,6,Both
142,0.1877,0.1077,0.7046,6,Loner
143,0.02724,0.01136,0.9614,6,Neither
321,0.05252,0.02518,0.9224,6,Defector
81,0.0867,0.02507,0.888,6,Defector
322,0.182,0.10364,0.7144,6,Loner
21,0.07886,0.0219,0.8994,6,Defector
141,0.4175,0.01877,0.5635,6,Defector
444,0.2305,0.0612,0.7085,6,Both
443,0.02518,0.01075,0.964,6,Neither
442,0.1963,0.11224,0.6914,6,Loner
383,0.02763,0.01296,0.9595,6,Neither
82,0.2054,0.10645,0.688,6,Loner
83,0.02936,0.01254,0.958,6,Neither
23,0.02655,0.01058,0.963,6,Neither
84,0.3633,0.05234,0.5845,6,Both
381,0.11163,0.02571,0.863,6,Defector
323,0.02933,0.01147,0.959,6,Neither
324,0.2815,0.06,0.6587,6,Both
441,0.3545,0.02501,0.6206,6,Defector
264,0.4338,0.0522,0.5137,6,Both
263,0.02686,0.00941,0.964,6,Neither
262,0.194,0.1157,0.6904,6,Loner
261,0.4536,0.02243,0.524,6,Defector
144,0.5225,0.04453,0.4329,6,Both
201,0.2139,0.02089,0.765,6,Defector
202,0.1925,0.10803,0.699,6,Loner
203,0.02945,0.01334,0.957,6,Neither
204,0.3657,0.05298,0.581,6,Both
382,0.1818,0.113,0.705,6,Loner
22,0.1921,0.11743,0.6904,6,Loner
925,0.6997,0.0555,0.245,7,Defector
206,0.2013,0.1127,0.686,7,Loner
268,0.2922,0.05878,0.649,7,Both
267,0.10986,0.0703,0.82,7,Neither
266,0.1761,0.10754,0.7163,7,Loner
926,0.2155,0.1066,0.6777,7,Loner
265,0.94,0.03326,0.02693,7,Defector
145,0.496,0.05814,0.4458,7,Defector
205,0.486,0.0556,0.4583,7,Defector
927,0.10004,0.0709,0.829,7,Neither
985,0.507,0.05362,0.4397,7,Defector
1165,0.4294,0.0561,0.5146,7,Defector
327,0.1198,0.0823,0.798,7,Neither
326,0.1487,0.0983,0.753,7,Loner
568,0.2502,0.06134,0.6885,7,Both
567,0.11316,0.07715,0.8096,7,Neither
566,0.1855,0.1103,0.704,7,Loner
565,0.5684,0.05182,0.3796,7,Defector
325,0.5933,0.04364,0.3633,7,Defector
385,0.784,0.03026,0.1858,7,Defector
386,0.1927,0.11224,0.695,7,Loner
1166,0.1965,0.1166,0.687,7,Loner
387,0.1175,0.0803,0.8022,7,Neither
685,0.6616,0.0412,0.297,7,Defector
686,0.1875,0.1107,0.7017,7,Loner
687,0.1074,0.0787,0.814,7,Neither
688,0.6157,0.03064,0.3538,7,Both
146,0.1865,0.1243,0.689,7,Loner
986,0.1864,0.1203,0.6934,7,Loner
987,0.1087,0.0736,0.818,7,Neither
988,0.4924,0.04425,0.4634,7,Both
928,0.377,0.05066,0.5723,7,Both
388,0.57,0.0432,0.3872,7,Both
147,0.10474,0.07544,0.82,7,Neither
747,0.1066,0.074,0.8193,7,Neither
447,0.1139,0.07684,0.809,7,Neither
806,0.206,0.1163,0.6777,7,Loner
1048,0.307,0.05527,0.638,7,Both
445,0.545,0.0536,0.4014,7,Defector
446,0.199,0.1214,0.6797,7,Loner
148,0.3577,0.05634,0.586,7,Both
805,0.923,0.03006,0.0469,7,Defector
207,0.1116,0.0725,0.816,7,Neither
208,0.3955,0.04996,0.5547,7,Both
1167,0.1211,0.0827,0.7964,7,Neither
1168,0.2773,0.04758,0.675,7,Both
1047,0.1213,0.0842,0.7944,7,Neither
1046,0.1897,0.11816,0.6924,7,Loner
1045,0.591,0.0517,0.3577,7,Defector
627,0.1251,0.08215,0.7925,7,Neither
626,0.1843,0.11255,0.703,7,Loner
868,0.328,0.0524,0.6196,7,Both
448,0.423,0.0564,0.5205,7,Both
867,0.113,0.07825,0.8086,7,Neither
866,0.201,0.1195,0.679,7,Loner
628,0.3208,0.05615,0.623,7,Both
865,0.7207,0.05096,0.2285,7,Defector
807,0.10803,0.0767,0.8154,7,Neither
1108,0.2893,0.05386,0.6567,7,Both
745,0.9043,0.03384,0.06186,7,Defector
746,0.2074,0.1299,0.6626,7,Loner
328,0.4194,0.0538,0.527,7,Both
748,0.448,0.05124,0.5005,7,Both
508,0.3374,0.04984,0.613,7,Both
507,0.10864,0.0764,0.815,7,Neither
506,0.201,0.1171,0.6816,7,Loner
505,0.628,0.04846,0.3235,7,Defector
625,0.8535,0.03226,0.1141,7,Defector
28,0.2783,0.0572,0.6646,7,Both
27,0.1122,0.0836,0.804,7,Neither
88,0.3354,0.0547,0.61,7,Both
87,0.116,0.086,0.798,7,Neither
86,0.1858,0.1054,0.709,7,Loner
26,0.1943,0.11035,0.6953,7,Loner
25,0.673,0.04626,0.281,7,Defector
1105,0.547,0.0428,0.4106,7,Defector
1106,0.2083,0.11316,0.6787,7,Loner
1107,0.10614,0.07196,0.822,7,Neither
808,0.3245,0.06143,0.614,7,Both
85,0.678,0.0371,0.2847,7,Defector
632,0.2554,0.0663,0.678,8,Both
90,0.2079,0.1295,0.6626,8,Loner
89,0.7734,0.03348,0.1929,8,Defector
989,0.904,0.03583,0.0604,8,Defector
629,0.665,0.05154,0.2834,8,Defector
630,0.1991,0.1171,0.6836,8,Loner
990,0.2233,0.122,0.655,8,Loner
991,0.1158,0.08344,0.801,8,Neither
992,0.3054,0.0644,0.6304,8,Both
631,0.1162,0.07904,0.8047,8,Neither
91,0.1205,0.0786,0.801,8,Neither
92,0.372,0.06586,0.562,8,Both
270,0.2012,0.1268,0.672,8,Loner
329,0.8545,0.03824,0.10706,8,Defector
151,0.1222,0.08105,0.797,8,Neither
152,0.3418,0.06113,0.597,8,Both
872,0.549,0.04794,0.403,8,Both
871,0.11,0.0738,0.8164,8,Neither
870,0.2045,0.1247,0.671,8,Loner
869,0.9287,0.03023,0.04105,8,Defector
150,0.1892,0.10925,0.7017,8,Loner
212,0.3628,0.06067,0.576,8,Both
210,0.1973,0.1179,0.6846,8,Loner
209,0.9727,0.02597,0.001576,8,Defector
809,0.8774,0.03308,0.0894,8,Defector
810,0.2098,0.11414,0.676,8,Loner
811,0.1187,0.07275,0.8086,8,Neither
812,0.529,0.0405,0.431,8,Both
211,0.10815,0.0744,0.8174,8,Neither
330,0.1936,0.1187,0.6875,8,Loner
752,0.3457,0.05154,0.603,8,Both
750,0.2007,0.12,0.679,8,Loner
689,0.6797,0.05255,0.268,8,Defector
690,0.2137,0.1185,0.6675,8,Loner
691,0.1047,0.0704,0.8247,8,Neither
692,0.386,0.05936,0.5547,8,Both
932,0.3687,0.0634,0.568,8,Both
931,0.1091,0.06885,0.8223,8,Neither
751,0.12067,0.08325,0.796,8,Neither
930,0.2063,0.1267,0.667,8,Loner
272,0.2747,0.06216,0.663,8,Both
271,0.1228,0.0765,0.801,8,Neither
331,0.11316,0.0826,0.804,8,Neither
269,0.604,0.04614,0.35,8,Defector
149,0.9316,0.03326,0.03503,8,Defector
749,0.6616,0.05566,0.2827,8,Defector
929,0.62,0.0452,0.3345,8,Defector
332,0.5923,0.043,0.3645,8,Both
449,0.8306,0.02618,0.1433,8,Defector
29,0.799,0.03317,0.1677,8,Defector
572,0.474,0.053,0.473,8,Both
571,0.1125,0.08075,0.8066,8,Neither
570,0.2227,0.1226,0.655,8,Loner
569,0.7065,0.04987,0.2435,8,Defector
30,0.215,0.12427,0.6606,8,Loner
390,0.2258,0.1298,0.6445,8,Loner
31,0.12244,0.07874,0.799,8,Neither
32,0.3726,0.05515,0.5723,8,Both
1172,0.4001,0.05402,0.546,8,Both
509,0.7593,0.03513,0.2057,8,Defector
391,0.1195,0.08264,0.798,8,Neither
392,0.3787,0.05612,0.565,8,Both
1111,0.1143,0.0767,0.809,8,Neither
1110,0.203,0.1249,0.672,8,Loner
1109,0.8237,0.03778,0.1383,8,Defector
1170,0.193,0.1121,0.695,8,Loner
1169,0.7915,0.03812,0.1703,8,Defector
1171,0.11676,0.07086,0.8125,8,Neither
1112,0.586,0.0451,0.369,8,Both
1052,0.376,0.05505,0.569,8,Both
389,0.7354,0.0495,0.2152,8,Defector
1051,0.1092,0.0724,0.8184,8,Neither
450,0.2124,0.116,0.6714,8,Loner
451,0.1152,0.0777,0.807,8,Neither
452,0.4966,0.05075,0.4526,8,Both
1050,0.1876,0.11237,0.6997,8,Loner
512,0.3135,0.0631,0.6235,8,Both
511,0.1107,0.0709,0.8184,8,Neither
1049,0.644,0.05176,0.3044,8,Defector
510,0.2141,0.12024,0.6655,8,Loner
1053,0.787,0.0483,0.1646,9,Defector
695,0.3862,0.05682,0.557,9,Neither
694,0.848,0.04294,0.1091,9,Loner
693,0.897,0.05127,0.05185,9,Defector
453,0.623,0.0684,0.3083,9,Defector
396,0.3784,0.05615,0.5654,9,Both
393,0.9644,0.03293,0.002506,9,Defector
394,0.7744,0.06247,0.1628,9,Loner
336,0.403,0.0665,0.5303,9,Both
1113,0.934,0.0503,0.015434,9,Defector
1114,0.835,0.05664,0.10846,9,Loner
1115,0.3264,0.0522,0.621,9,Neither
1116,0.4187,0.0471,0.534,9,Both
335,0.497,0.04178,0.4612,9,Neither
395,0.323,0.06003,0.617,9,Neither
696,0.354,0.05978,0.586,9,Both
874,0.893,0.06824,0.03888,9,Loner
873,0.8296,0.08057,0.08984,9,Defector
275,0.305,0.05936,0.6357,9,Neither
153,0.4763,0.05945,0.4644,9,Defector
154,0.8076,0.02618,0.1661,9,Loner
155,0.5903,0.04095,0.3687,9,Neither
156,0.3945,0.0546,0.551,9,Both
274,0.8877,0.0651,0.04715,9,Loner
273,0.9316,0.06757,0.000875,9,Defector
756,0.435,0.0577,0.5073,9,Both
755,0.5273,0.0465,0.426,9,Neither
933,0.9336,0.0574,0.009186,9,Defector
934,0.794,0.0742,0.132,9,Loner
935,0.4966,0.05432,0.4492,9,Neither
936,0.411,0.05692,0.532,9,Both
754,0.61,0.06085,0.329,9,Loner
36,0.4194,0.0554,0.5254,9,Both
876,0.4155,0.0568,0.5273,9,Both
875,0.2812,0.0552,0.6636,9,Neither
996,0.4023,0.05075,0.547,9,Both
35,0.4421,0.04773,0.5103,9,Neither
33,0.9316,0.0678,0.000564,9,Defector
334,0.9346,0.01048,0.0547,9,Loner
1173,0.968,0.0317,0.000281,9,Defector
1174,0.6553,0.0566,0.288,9,Loner
516,0.52,0.04596,0.434,9,Both
456,0.381,0.0605,0.5586,9,Both
455,0.4717,0.0573,0.471,9,Neither
1056,0.4973,0.05115,0.4514,9,Both
1055,0.403,0.05157,0.5454,9,Neither
993,0.4663,0.0671,0.4666,9,Defector
753,0.5024,0.0755,0.422,9,Defector
994,0.593,0.0632,0.3442,9,Loner
1054,0.756,0.04053,0.2037,9,Loner
454,0.629,0.056,0.3152,9,Loner
813,0.856,0.08026,0.0638,9,Defector
814,0.594,0.0702,0.3357,9,Loner
636,0.526,0.04794,0.4263,9,Both
635,0.4153,0.0535,0.5312,9,Neither
634,0.7476,0.04907,0.2035,9,Loner
633,0.7886,0.05234,0.1589,9,Defector
995,0.4243,0.0606,0.515,9,Neither
34,0.679,0.05698,0.2637,9,Loner
576,0.4675,0.05014,0.4824,9,Both
574,0.689,0.0617,0.2495,9,Loner
216,0.584,0.04294,0.373,9,Both
215,0.5776,0.03662,0.3857,9,Neither
214,0.8345,0.03577,0.1296,9,Loner
96,0.3223,0.0615,0.616,9,Both
95,0.595,0.0399,0.3647,9,Neither
94,0.777,0.05734,0.1659,9,Loner
213,0.9253,0.03238,0.04218,9,Defector
333,0.8833,0.06274,0.0539,9,Defector
575,0.498,0.0517,0.4502,9,Neither
513,0.9346,0.0584,0.00683,9,Defector
1175,0.375,0.0625,0.5625,9,Neither
514,0.7275,0.05243,0.22,9,Loner
1176,0.4912,0.05243,0.4563,9,Both
515,0.375,0.0646,0.5605,9,Neither
816,0.4734,0.05392,0.4727,9,Both
815,0.711,0.03333,0.2556,9,Neither
573,0.931,0.06433,0.004654,9,Defector
93,0.898,0.03616,0.06604,9,Defector
276,0.511,0.04623,0.4426,9,Both
757,0.579,0.0534,0.3674,10,Defector
1000,0.4597,0.05197,0.4883,10,Both
759,0.3584,0.06183,0.5796,10,Neither
160,0.4094,0.0627,0.528,10,Both
159,0.6074,0.0413,0.3513,10,Neither
820,0.4314,0.05252,0.516,10,Both
819,0.682,0.02913,0.2886,10,Neither
818,0.86,0.02415,0.1159,10,Loner
817,0.9277,0.0619,0.01055,10,Defector
457,0.886,0.0666,0.0469,10,Defector
458,0.894,0.06555,0.0402,10,Loner
459,0.2988,0.06027,0.641,10,Neither
460,0.4326,0.0492,0.518,10,Both
1120,0.5107,0.04758,0.442,10,Both
758,0.6875,0.05765,0.2546,10,Loner
1119,0.531,0.04788,0.4214,10,Neither
217,0.4678,0.0614,0.471,10,Defector
218,0.9136,0.0634,0.02281,10,Loner
219,0.476,0.05545,0.4685,10,Neither
220,0.458,0.056,0.486,10,Both
877,0.9014,0.03069,0.0681,10,Defector
878,0.8926,0.02522,0.0823,10,Loner
879,0.5396,0.04633,0.4143,10,Neither
880,0.599,0.04376,0.357,10,Both
158,0.9336,0.06616,0.0001699,10,Loner
157,0.9336,0.0599,0.00635,10,Defector
760,0.5137,0.04208,0.4443,10,Both
1118,0.7964,0.04205,0.1615,10,Loner
1117,0.787,0.03772,0.1753,10,Defector
278,0.8354,0.0755,0.0892,10,Loner
518,0.844,0.05258,0.1033,10,Loner
940,0.41,0.05325,0.5366,10,Both
517,0.867,0.0417,0.0911,10,Defector
100,0.543,0.0448,0.4124,10,Both
99,0.5273,0.05786,0.4146,10,Neither
98,0.8257,0.05847,0.116,10,Loner
97,0.9346,0.05838,0.006832,10,Defector
1180,0.613,0.04297,0.3442,10,Both
1179,0.4521,0.04794,0.4998,10,Neither
1060,0.4321,0.05127,0.5166,10,Both
577,0.879,0.0725,0.04837,10,Defector
578,0.6567,0.06445,0.2788,10,Loner
579,0.498,0.0455,0.4565,10,Neither
580,0.432,0.05026,0.5176,10,Both
397,0.88,0.0501,0.06995,10,Defector
1059,0.548,0.04874,0.4036,10,Neither
1057,0.902,0.04465,0.05356,10,Defector
639,0.546,0.05148,0.4028,10,Neither
638,0.8945,0.06616,0.0392,10,Loner
637,0.9224,0.0502,0.02716,10,Defector
1177,0.9307,0.0666,0.00275,10,Defector
1178,0.9336,0.0662,0.0001268,10,Loner
337,0.8726,0.08777,0.03986,10,Defector
338,0.6245,0.0639,0.3118,10,Loner
339,0.4644,0.0543,0.4814,10,Neither
340,0.4434,0.04834,0.5083,10,Both
997,0.9326,0.0626,0.004738,10,Defector
998,0.9336,0.0664,0.0001442,10,Loner
999,0.3787,0.05908,0.562,10,Neither
1058,0.8013,0.04507,0.1536,10,Loner
398,0.8633,0.03403,0.1027,10,Loner
640,0.4495,0.05206,0.4985,10,Both
698,0.6953,0.06946,0.2352,10,Loner
40,0.536,0.0454,0.4182,10,Both
697,0.9316,0.06604,0.00209,10,Defector
280,0.4927,0.04684,0.4604,10,Both
279,0.4321,0.04648,0.5215,10,Neither
277,0.863,0.02489,0.1122,10,Defector
39,0.491,0.0582,0.4507,10,Neither
400,0.3896,0.057,0.553,10,Both
937,0.925,0.02972,0.0453,10,Defector
938,0.697,0.04523,0.2578,10,Loner
399,0.4954,0.05646,0.4482,10,Neither
939,0.4553,0.04953,0.495,10,Neither
699,0.6035,0.03754,0.359,10,Neither
700,0.615,0.0419,0.3428,10,Both
519,0.577,0.03818,0.3845,10,Neither
38,0.6816,0.06052,0.2576,10,Loner
37,0.9307,0.0609,0.00833,10,Defector
520,0.4592,0.05154,0.4893,10,Both
163,0.53,0.04758,0.4226,11,Neither
1004,0.501,0.04727,0.4517,11,Both
1002,0.6123,0.0601,0.3276,11,Loner
162,0.696,0.05923,0.2448,11,Loner
1001,0.912,0.05667,0.031,11,Defector
161,0.934,0.0534,0.0123,11,Defector
164,0.4583,0.05435,0.4873,11,Both
41,0.714,0.0508,0.2351,11,Defector
1003,0.555,0.0466,0.3982,11,Neither
42,0.7666,0.0655,0.1681,11,Loner
1062,0.894,0.03296,0.07275,11,Loner
44,0.4119,0.05017,0.538,11,Both
941,0.935,0.05365,0.01139,11,Defector
942,0.8438,0.03937,0.11694,11,Loner
943,0.473,0.04834,0.4788,11,Neither
944,0.5815,0.04446,0.374,11,Both
104,0.3782,0.0466,0.575,11,Both
102,0.8613,0.04858,0.09015,11,Loner
101,0.764,0.073,0.163,11,Defector
881,0.9326,0.061,0.00617,11,Defector
43,0.4841,0.0501,0.4658,11,Neither
882,0.758,0.03995,0.2023,11,Loner
884,0.3127,0.06094,0.6265,11,Both
1121,0.935,0.05328,0.01148,11,Defector
1122,0.933,0.0666,0.0001255,11,Loner
1123,0.4531,0.04562,0.5015,11,Neither
1124,0.583,0.03973,0.3772,11,Both
1061,0.624,0.05087,0.325,11,Defector
1063,0.3005,0.0647,0.635,11,Neither
1064,0.732,0.02667,0.2415,11,Both
883,0.3313,0.05725,0.6113,11,Neither
103,0.3977,0.05222,0.5503,11,Neither
224,0.4248,0.05392,0.5215,11,Both
584,0.5264,0.05078,0.423,11,Both
344,0.51,0.04788,0.4424,11,Both
343,0.6304,0.03177,0.338,11,Neither
342,0.7837,0.0556,0.1605,11,Loner
341,0.6123,0.08777,0.2998,11,Defector
641,0.7734,0.03656,0.19,11,Defector
642,0.753,0.05133,0.1956,11,Loner
643,0.377,0.05878,0.564,11,Neither
644,0.385,0.06415,0.551,11,Both
521,0.971,0.0279,0.000885,11,Defector
1181,0.8755,0.08575,0.03882,11,Defector
1182,0.646,0.05338,0.3008,11,Loner
524,0.593,0.04758,0.3594,11,Both
523,0.7114,0.0384,0.25,11,Neither
223,0.536,0.04547,0.4185,11,Neither
522,0.9346,0.06085,0.00462,11,Loner
763,0.4863,0.04794,0.4658,11,Neither
762,0.887,0.06506,0.0475,11,Loner
761,0.5015,0.07605,0.4224,11,Defector
284,0.676,0.03537,0.2886,11,Both
1184,0.4043,0.05496,0.5405,11,Both
1183,0.5195,0.0479,0.4324,11,Neither
281,0.924,0.05893,0.0172,11,Defector
282,0.848,0.0381,0.1139,11,Loner
283,0.4207,0.05154,0.528,11,Neither
701,0.932,0.06793,0.0001054,11,Defector
702,0.8896,0.03598,0.0744,11,Loner
703,0.3115,0.06757,0.621,11,Neither
704,0.4827,0.0491,0.4683,11,Both
764,0.5454,0.0462,0.4084,11,Both
222,0.871,0.04276,0.086,11,Loner
404,0.4773,0.0503,0.4724,11,Both
821,0.748,0.05325,0.1989,11,Defector
221,0.805,0.03436,0.1603,11,Defector
464,0.7207,0.02797,0.2515,11,Both
463,0.4978,0.04834,0.4539,11,Neither
403,0.3657,0.05075,0.5835,11,Neither
402,0.562,0.0635,0.3743,11,Loner
581,0.969,0.02946,0.001447,11,Defector
582,0.6167,0.05457,0.3289,11,Loner
583,0.4832,0.05444,0.4624,11,Neither
401,0.826,0.0391,0.1349,11,Defector
822,0.669,0.0568,0.2744,11,Loner
461,0.973,0.02466,0.002337,11,Defector
824,0.5654,0.04605,0.3887,11,Both
823,0.4478,0.05304,0.4993,11,Neither
462,0.6035,0.06012,0.3362,11,Loner
586,0.5527,0.08057,0.3667,12,Loner
948,0.4492,0.05542,0.4954,12,Both
947,0.4722,0.04846,0.4792,12,Neither
946,0.613,0.0666,0.3206,12,Loner
585,0.935,0.05328,0.011566,12,Defector
708,0.3992,0.05246,0.5483,12,Both
707,0.4443,0.0512,0.5044,12,Neither
48,0.4102,0.05078,0.539,12,Both
706,0.957,0.02904,0.013664,12,Loner
287,0.4497,0.05432,0.4958,12,Neither
286,0.859,0.06006,0.08124,12,Loner
285,0.862,0.05075,0.0875,12,Defector
46,0.83,0.02158,0.1482,12,Loner
705,0.5967,0.0524,0.3508,12,Defector
588,0.4397,0.0613,0.4988,12,Both
587,0.3804,0.06012,0.5596,12,Neither
47,0.4502,0.05344,0.4963,12,Neither
45,0.667,0.05533,0.2776,12,Defector
525,0.5156,0.06158,0.4226,12,Defector
526,0.894,0.0676,0.0384,12,Loner
348,0.471,0.04947,0.4795,12,Both
347,0.4397,0.05438,0.506,12,Neither
346,0.894,0.0674,0.0388,12,Loner
345,0.931,0.0685,0.000254,12,Defector
1005,0.933,0.05396,0.01269,12,Defector
1006,0.7524,0.0538,0.1935,12,Loner
1007,0.4365,0.04837,0.515,12,Neither
1008,0.7065,0.03093,0.2622,12,Both
1068,0.4207,0.05756,0.5215,12,Both
1067,0.4111,0.0514,0.5376,12,Neither
1066,0.9717,0.02776,0.000508,12,Loner
1125,0.9707,0.02673,0.002472,12,Defector
646,0.841,0.0539,0.1053,12,Loner
648,0.3506,0.0549,0.5947,12,Both
1128,0.433,0.05643,0.5103,12,Both
1127,0.531,0.04468,0.4248,12,Neither
1065,0.2837,0.0823,0.634,12,Defector
288,0.6753,0.0363,0.2883,12,Both
105,0.5215,0.07135,0.4072,12,Defector
106,0.9336,0.0659,0.000383,12,Loner
107,0.3652,0.06168,0.573,12,Neither
108,0.663,0.03806,0.2988,12,Both
528,0.4683,0.05377,0.4778,12,Both
527,0.589,0.0419,0.3694,12,Neither
647,0.63,0.0387,0.3315,12,Neither
645,0.3872,0.08954,0.523,12,Defector
1126,0.654,0.06757,0.2786,12,Loner
945,0.8813,0.03604,0.08276,12,Defector
466,0.934,0.0642,0.001796,12,Loner
467,0.388,0.04996,0.562,12,Neither
167,0.4014,0.06006,0.5386,12,Neither
888,0.4766,0.05453,0.469,12,Both
887,0.576,0.04214,0.3818,12,Neither
886,0.71,0.06085,0.2291,12,Loner
885,0.9595,0.02399,0.01665,12,Defector
166,0.9453,0.01045,0.04407,12,Loner
165,0.9727,0.02715,0.0002499,12,Defector
826,0.9673,0.0322,0.0004506,12,Loner
825,0.9414,0.032,0.02667,12,Defector
225,0.763,0.06036,0.1764,12,Defector
226,0.9365,0.04932,0.013916,12,Loner
227,0.3557,0.05646,0.588,12,Neither
228,0.683,0.03415,0.2827,12,Both
405,0.7437,0.04926,0.2073,12,Defector
468,0.3582,0.06464,0.577,12,Both
465,0.538,0.0977,0.364,12,Defector
768,0.503,0.0438,0.4531,12,Both
168,0.4001,0.05942,0.5405,12,Both
1187,0.4128,0.0589,0.5283,12,Neither
1185,0.8774,0.04407,0.07874,12,Defector
1188,0.465,0.0457,0.4893,12,Both
828,0.3826,0.05325,0.564,12,Both
767,0.509,0.05032,0.4412,12,Neither
406,0.795,0.0417,0.1632,12,Loner
766,0.809,0.02834,0.1625,12,Loner
765,0.3894,0.0661,0.5444,12,Defector
407,0.494,0.04913,0.4568,12,Neither
408,0.4006,0.059,0.5405,12,Both
1186,0.8535,0.0572,0.0892,12,Loner
827,0.3357,0.05994,0.6045,12,Neither
1010,0.911,0.065,0.02365,13,Loner
1009,0.8687,0.03397,0.0972,13,Defector
829,0.9727,0.0254,0.001801,13,Defector
592,0.3408,0.0631,0.596,13,Both
1189,0.9673,0.0323,0.0005565,13,Defector
590,0.742,0.0563,0.2014,13,Loner
1011,0.4084,0.0514,0.54,13,Neither
589,0.9326,0.0672,9.835e-05,13,Defector
349,0.7544,0.0515,0.1941,13,Defector
830,0.934,0.0638,0.002314,13,Loner
831,0.455,0.04938,0.4954,13,Neither
229,0.792,0.05292,0.1549,13,Defector
832,0.4336,0.0451,0.5215,13,Both
591,0.3032,0.0585,0.638,13,Neither
1012,0.4417,0.05646,0.502,13,Both
1131,0.4124,0.0524,0.535,13,Neither
1130,0.967,0.02762,0.005573,13,Loner
1190,0.7056,0.05328,0.2413,13,Loner
49,0.619,0.08606,0.2947,13,Defector
50,0.863,0.03607,0.10126,13,Loner
51,0.5405,0.048,0.4111,13,Neither
52,0.436,0.05176,0.512,13,Both
172,0.4587,0.0465,0.4949,13,Both
171,0.6113,0.04227,0.3464,13,Neither
170,0.7563,0.04825,0.1956,13,Loner
169,0.934,0.05695,0.009155,13,Defector
1069,0.625,0.05072,0.3245,13,Defector
1070,0.73,0.0716,0.1982,13,Loner
1071,0.4448,0.0505,0.5044,13,Neither
1072,0.568,0.04825,0.384,13,Both
352,0.3777,0.0572,0.565,13,Both
351,0.504,0.05606,0.4402,13,Neither
350,0.7534,0.05035,0.196,13,Loner
1132,0.3433,0.057,0.5996,13,Both
1129,0.9727,0.02727,0.00011903,13,Defector
230,0.934,0.0658,0.0001771,13,Loner
712,0.382,0.05942,0.5586,13,Both
232,0.3372,0.0524,0.6104,13,Both
891,0.4314,0.05154,0.517,13,Neither
892,0.467,0.0495,0.4834,13,Both
231,0.4211,0.0579,0.521,13,Neither
110,0.892,0.06885,0.03903,13,Loner
111,0.5283,0.04376,0.428,13,Neither
112,0.2299,0.07477,0.6953,13,Both
529,0.9688,0.0303,0.0007715,13,Defector
769,0.8774,0.0405,0.0821,13,Defector
952,0.743,0.0316,0.2253,13,Both
951,0.4824,0.04855,0.469,13,Neither
950,0.8823,0.0339,0.08356,13,Loner
949,0.932,0.06757,0.000395,13,Defector
412,0.67,0.0362,0.2937,13,Both
1191,0.3867,0.058,0.555,13,Neither
1192,0.4895,0.05017,0.4604,13,Both
411,0.36,0.05655,0.583,13,Neither
410,0.9346,0.0638,0.001818,13,Loner
409,0.86,0.08777,0.05237,13,Defector
709,0.692,0.05328,0.2546,13,Defector
710,0.894,0.06757,0.03854,13,Loner
711,0.6206,0.03903,0.3406,13,Neither
890,0.676,0.0518,0.2725,13,Loner
889,0.782,0.05127,0.1664,13,Defector
109,0.829,0.04272,0.1282,13,Defector
290,0.894,0.0671,0.03864,13,Loner
469,0.9316,0.0673,0.001178,13,Defector
471,0.6045,0.04,0.3555,13,Neither
472,0.3662,0.05795,0.5757,13,Both
772,0.3792,0.0574,0.5635,13,Both
771,0.579,0.0445,0.3762,13,Neither
649,0.5967,0.0672,0.336,13,Defector
650,0.7173,0.05292,0.23,13,Loner
651,0.372,0.05725,0.571,13,Neither
652,0.4543,0.05804,0.4878,13,Both
770,0.883,0.06445,0.0528,13,Loner
289,0.797,0.06,0.143,13,Defector
532,0.4973,0.04456,0.458,13,Both
470,0.688,0.04874,0.263,13,Loner
291,0.633,0.0437,0.3235,13,Neither
292,0.523,0.05496,0.4219,13,Both
530,0.68,0.06726,0.2524,13,Loner
531,0.598,0.03308,0.369,13,Neither
475,0.4097,0.0538,0.5366,14,Neither
1073,0.352,0.0604,0.5874,14,Defector
1074,0.864,0.0374,0.0988,14,Loner
1075,0.4377,0.05795,0.5044,14,Neither
1076,0.4724,0.05063,0.477,14,Both
536,0.4673,0.04675,0.486,14,Both
413,0.6914,0.0676,0.241,14,Defector
414,0.9336,0.06616,0.0001256,14,Loner
415,0.587,0.04724,0.3657,14,Neither
473,0.646,0.0747,0.2795,14,Defector
535,0.4753,0.04373,0.481,14,Neither
534,0.955,0.02365,0.02122,14,Loner
474,0.893,0.02832,0.0785,14,Loner
416,0.5415,0.0464,0.412,14,Both
476,0.5127,0.04263,0.4448,14,Both
533,0.8267,0.04642,0.127,14,Defector
834,0.8306,0.0655,0.10376,14,Loner
594,0.878,0.066,0.05627,14,Loner
954,0.917,0.02942,0.0534,14,Loner
953,0.947,0.0342,0.0188,14,Defector
713,0.635,0.0611,0.3042,14,Defector
714,0.742,0.0707,0.187,14,Loner
715,0.621,0.03595,0.3428,14,Neither
113,0.7637,0.0758,0.1605,14,Defector
114,0.895,0.0645,0.0405,14,Loner
115,0.56,0.04517,0.3945,14,Neither
116,0.6094,0.04575,0.3447,14,Both
1194,0.7974,0.05676,0.1458,14,Loner
1193,0.895,0.0529,0.05203,14,Defector
716,0.5054,0.05502,0.4395,14,Both
236,0.5967,0.04303,0.3604,14,Both
235,0.563,0.03995,0.3972,14,Neither
593,0.933,0.06665,9.26e-05,14,Defector
896,0.4927,0.03763,0.4697,14,Both
894,0.7876,0.03906,0.1733,14,Loner
893,0.9224,0.0664,0.01137,14,Defector
773,0.9326,0.063,0.00451,14,Defector
774,0.7344,0.06146,0.2039,14,Loner
775,0.4917,0.0497,0.4585,14,Neither
776,0.4543,0.05237,0.4932,14,Both
234,0.856,0.0635,0.08075,14,Loner
233,0.8335,0.0579,0.10846,14,Defector
173,0.972,0.0277,0.0002637,14,Defector
174,0.72,0.0503,0.2292,14,Loner
175,0.3599,0.05225,0.588,14,Neither
176,0.501,0.0472,0.452,14,Both
836,0.675,0.03714,0.288,14,Both
835,0.4753,0.0542,0.4705,14,Neither
895,0.53,0.03998,0.4302,14,Neither
956,0.633,0.03394,0.3333,14,Both
955,0.442,0.05438,0.5034,14,Neither
1134,0.818,0.07245,0.1099,14,Loner
595,0.4631,0.04767,0.4893,14,Neither
53,0.914,0.05157,0.03415,14,Defector
54,0.891,0.06464,0.0444,14,Loner
55,0.3345,0.06476,0.6006,14,Neither
56,0.4478,0.055,0.497,14,Both
1196,0.39,0.05246,0.5576,14,Both
1195,0.4329,0.05148,0.5156,14,Neither
596,0.627,0.03476,0.3384,14,Both
356,0.6577,0.03696,0.3052,14,Both
355,0.3318,0.0571,0.6113,14,Neither
354,0.8145,0.04745,0.1381,14,Loner
353,0.8677,0.09296,0.03952,14,Defector
1133,0.64,0.06015,0.2998,14,Defector
656,0.51,0.05035,0.4397,14,Both
833,0.7363,0.03558,0.2283,14,Defector
1136,0.51,0.0527,0.4375,14,Both
1135,0.5864,0.038,0.3757,14,Neither
1015,0.532,0.0471,0.4204,14,Neither
1014,0.888,0.0649,0.04675,14,Loner
1013,0.681,0.0694,0.2495,14,Defector
653,0.9346,0.05374,0.0116,14,Defector
654,0.892,0.0686,0.03903,14,Loner
655,0.4094,0.05206,0.5386,14,Neither
1016,0.5146,0.04437,0.441,14,Both
296,0.3674,0.05978,0.5728,14,Both
293,0.8486,0.03833,0.11304,14,Defector
294,0.8877,0.065,0.04718,14,Loner
295,0.3706,0.04477,0.5845,14,Neither
1139,0.649,0.03925,0.3115,15,Neither
1197,0.9355,0.05344,0.01101,15,Defector
1138,0.9336,0.0661,0.0001415,15,Loner
1140,0.8115,0.02538,0.1631,15,Both
1198,0.789,0.04114,0.1698,15,Loner
1137,0.9233,0.05383,0.0227,15,Defector
600,0.3733,0.0672,0.5596,15,Both
1079,0.525,0.05054,0.4246,15,Neither
300,0.4607,0.05698,0.4822,15,Both
357,0.932,0.0668,0.001131,15,Defector
358,0.881,0.0636,0.0555,15,Loner
359,0.57,0.0413,0.3892,15,Neither
360,0.407,0.05588,0.537,15,Both
417,0.9336,0.05426,0.011955,15,Defector
299,0.485,0.05045,0.4644,15,Neither
418,0.89,0.0314,0.0785,15,Loner
420,0.3748,0.06305,0.5625,15,Both
477,0.752,0.06287,0.1853,15,Defector
478,0.9336,0.06604,0.0003932,15,Loner
479,0.4758,0.05237,0.472,15,Neither
480,0.522,0.04303,0.4348,15,Both
537,0.932,0.0616,0.00606,15,Defector
419,0.504,0.05063,0.4453,15,Neither
298,0.7607,0.0434,0.196,15,Loner
297,0.9316,0.06744,0.000818,15,Defector
240,0.318,0.0614,0.6206,15,Both
57,0.861,0.0893,0.05,15,Defector
58,0.9336,0.06616,0.0001354,15,Loner
59,0.4563,0.05283,0.4907,15,Neither
60,0.6934,0.0337,0.273,15,Both
117,0.896,0.03775,0.06635,15,Defector
118,0.818,0.0713,0.11084,15,Loner
119,0.3884,0.0608,0.551,15,Neither
120,0.5767,0.05112,0.372,15,Both
177,0.704,0.03876,0.257,15,Defector
178,0.7266,0.04285,0.2305,15,Loner
179,0.601,0.04385,0.355,15,Neither
180,0.603,0.03555,0.3616,15,Both
237,0.8086,0.05396,0.1373,15,Defector
238,0.891,0.05145,0.05762,15,Loner
239,0.3386,0.054,0.6074,15,Neither
538,0.606,0.06995,0.324,15,Loner
1080,0.665,0.03574,0.2993,15,Both
539,0.3699,0.05685,0.573,15,Neither
597,0.866,0.0774,0.0565,15,Defector
897,0.9614,0.02824,0.01025,15,Defector
898,0.7017,0.0688,0.2295,15,Loner
899,0.452,0.05936,0.4885,15,Neither
900,0.326,0.06335,0.611,15,Both
957,0.819,0.08813,0.0929,15,Defector
958,0.8545,0.04736,0.0983,15,Loner
840,0.4783,0.05444,0.4673,15,Both
959,0.514,0.04996,0.4358,15,Neither
1017,0.9375,0.02747,0.03497,15,Defector
1018,0.6333,0.06152,0.305,15,Loner
1019,0.3389,0.0583,0.603,15,Neither
1020,0.336,0.05734,0.607,15,Both
1077,0.886,0.05612,0.05746,15,Defector
1078,0.9336,0.06555,0.000725,15,Loner
960,0.3875,0.05646,0.556,15,Both
839,0.4915,0.05106,0.4575,15,Neither
838,0.9023,0.07166,0.02579,15,Loner
837,0.838,0.06122,0.101,15,Defector
598,0.8267,0.06155,0.1117,15,Loner
599,0.423,0.04916,0.528,15,Neither
1199,0.5264,0.0501,0.4236,15,Neither
657,0.9727,0.02716,0.0001961,15,Defector
658,0.8906,0.05173,0.0576,15,Loner
659,0.5044,0.05014,0.4456,15,Neither
660,0.635,0.0422,0.323,15,Both
717,0.7695,0.0634,0.167,15,Defector
718,0.8877,0.0488,0.0636,15,Loner
719,0.368,0.06207,0.57,15,Neither
720,0.3608,0.06204,0.577,15,Both
777,0.7417,0.07855,0.1799,15,Defector
778,0.6763,0.06915,0.2544,15,Loner
779,0.704,0.03302,0.263,15,Neither
780,0.3784,0.05298,0.569,15,Both
540,0.449,0.0578,0.4932,15,Both
1200,0.4182,0.05948,0.5225,15,Both
