,Norm,p,0,1,2,3,4,5,6,7,8,9,10,11,12,13,14,15,16,17,18,19
0,Defector,2,101.81124,912.17745,,,,,,,,,,,,,,,,,,
1,Loner,2,936.41225,126.21278,,,,,,,,,,,,,,,,,,
2,Neither,2,9.6803,1019.92254,,,,,,,,,,,,,,,,,,
3,Both,2,1034.01446,49.38179,,,,,,,,,,,,,,,,,,
4,Defector,4,6.70006,34.83998,957.18364,89.92688,,,,,,,,,,,,,,,,
5,Loner,4,770.36302,108.01657,126.85157,49.53458,,,,,,,,,,,,,,,,
6,Neither,4,0.00919,10.556,1017.62172,54.92391,,,,,,,,,,,,,,,,
7,Both,4,880.19176,84.49718,72.84483,29.07083,,,,,,,,,,,,,,,,
8,Defector,6,7.14477,8.87584,15.13395,829.9178,33.09124,9.51988,,,,,,,,,,,,,,
9,Loner,6,630.08467,82.16881,57.68749,172.02278,62.4477,24.22132,,,,,,,,,,,,,,
10,Neither,6,0.01047,0.51964,10.54197,1051.22381,28.23858,5.75329,,,,,,,,,,,,,,
11,Both,6,649.73812,66.35898,1.66171,58.50475,32.40015,2.99336,,,,,,,,,,,,,,
12,Defector,8,12.61143,7.55155,22.35318,15.67014,316.87631,25.11497,37.00533,16.42244,,,,,,,,,,,,
13,Loner,8,665.57271,21.25203,58.53457,49.23962,105.86986,37.09301,72.83338,21.65532,,,,,,,,,,,,
14,Neither,8,2e-05,0.0095,0.43503,8.51343,813.85112,101.06628,88.6871,37.39941,,,,,,,,,,,,
15,Both,8,699.04278,7.12306,77.97376,1.93918,62.53893,0.91442,35.08947,2.2044,,,,,,,,,,,,
16,Defector,10,11.55625,1.30002,26.2573,1.33867,0.0,8.67057,1.79371,16.00663,11.23104,0.0,,,,,,,,,,
17,Loner,10,106.7229,4.33408,14.25674,8.57089,0.0,26.06778,22.19329,31.13094,15.89452,0.0,,,,,,,,,,
18,Neither,10,8e-05,0.00437,0.20919,3.95224,0.0,391.35963,49.92187,49.6613,29.1099,0.0,,,,,,,,,,
19,Both,10,557.21458,5.62948,62.65287,1.59685,0.0,52.27625,1.02877,30.85311,3.91228,0.0,,,,,,,,,,
20,Defector,12,5.26488,0.4481,0.0,17.77327,1.80823,0.0,15.72492,2.01638,0.0,20.26111,13.91505,0.0,,,,,,,,
21,Loner,12,0.33333,0.2611,0.0,1.10795,4.0972,0.0,13.00375,22.8187,0.0,20.1806,16.97346,0.0,,,,,,,,
22,Neither,12,7e-05,0.00719,0.0,0.36929,7.00382,0.0,683.984,78.50427,0.0,70.54435,34.85576,0.0,,,,,,,,
23,Both,12,332.58756,3.32475,0.0,43.89837,1.00432,0.0,37.20741,1.17203,0.0,25.65742,6.68148,0.0,,,,,,,,
24,Defector,14,14.76634,2.31082,0.0,21.65213,0.0,4.04888,0.0,97.59468,7.2719,0.0,28.25948,0.0,15.87466,0.0,,,,,,
25,Loner,14,47.58044,2.47692,0.0,6.58573,0.0,5.56769,0.0,19.9203,24.49057,0.0,22.21453,0.0,16.684,0.0,,,,,,
26,Neither,14,4e-05,0.00677,0.0,0.33546,0.0,6.40779,0.0,625.44333,75.18658,0.0,67.39736,0.0,36.05104,0.0,,,,,,
27,Both,14,537.91486,5.46147,0.0,65.00892,0.0,1.58986,0.0,54.8052,1.11076,0.0,34.43494,0.0,3.97909,0.0,,,,,,
28,Defector,16,12.11041,0.0,5.20211,0.0,22.52027,0.0,9.99181,0.0,196.94461,0.0,18.79517,0.0,35.13941,0.0,15.33415,0.0,,,,
29,Loner,16,183.30062,0.0,8.09153,0.0,25.18271,0.0,22.02761,0.0,48.71149,0.0,20.35164,0.0,35.72561,0.0,18.90064,0.0,,,,
30,Neither,16,8e-05,0.0,0.00538,0.0,0.26652,0.0,5.03893,0.0,493.31504,0.0,56.55209,0.0,54.68899,0.0,31.6632,0.0,,,,
31,Both,16,595.34891,0.0,5.97524,0.0,56.51209,0.0,1.50789,0.0,48.33101,0.0,0.98267,0.0,29.31475,0.0,3.6805,0.0,,,,
32,Defector,18,10.86658,0.0,5.76523,0.0,24.01456,0.0,10.54316,0.0,0.0,170.37551,0.0,16.95953,0.0,39.3869,0.0,16.84416,0.0,0.0,,
33,Loner,18,94.58617,0.0,4.65414,0.0,12.73929,0.0,14.61542,0.0,0.0,29.31047,0.0,13.92523,0.0,30.22753,0.0,17.83367,0.0,0.0,,
34,Neither,18,3e-05,0.0,0.00515,0.0,0.23877,0.0,4.53481,0.0,0.0,441.93798,0.0,54.00273,0.0,50.0289,0.0,30.58469,0.0,0.0,,
35,Both,18,555.36679,0.0,5.63027,0.0,59.6438,0.0,1.54128,0.0,0.0,50.87388,0.0,1.02791,0.0,32.83832,0.0,3.98378,0.0,0.0,,
36,Defector,20,11.18302,0.0,6.68851,0.0,0.0,20.77549,0.0,14.55874,0.0,0.0,272.9938,0.0,23.30665,0.0,0.0,36.44709,0.0,17.33206,0.0,0.0
37,Loner,20,45.33617,0.0,1.92409,0.0,0.0,7.01236,0.0,7.18583,0.0,0.0,19.41067,0.0,15.22887,0.0,0.0,28.5037,0.0,17.59153,0.0,0.0
38,Neither,20,9e-05,0.0,0.00625,0.0,0.0,0.28777,0.0,5.45358,0.0,0.0,534.67457,0.0,63.95386,0.0,0.0,57.92355,0.0,36.27597,0.0,0.0
39,Both,20,568.8681,0.0,5.73627,0.0,0.0,70.73774,0.0,1.7375,0.0,0.0,59.6581,0.0,1.07898,0.0,0.0,32.80123,0.0,3.59473,0.0,0.0
40,Defector,2,97.63361,913.76679,,,,,,,,,,,,,,,,,,
41,Loner,2,940.66582,125.96825,,,,,,,,,,,,,,,,,,
42,Neither,2,9.62529,1022.16942,,,,,,,,,,,,,,,,,,
43,Both,2,1039.56759,42.75156,,,,,,,,,,,,,,,,,,
44,Defector,4,7.1918,36.05253,958.49192,92.05097,,,,,,,,,,,,,,,,
45,Loner,4,759.33643,111.461,129.61438,49.77161,,,,,,,,,,,,,,,,
46,Neither,4,0.01082,10.34659,1005.76305,62.29691,,,,,,,,,,,,,,,,
47,Both,4,860.2628,85.98805,71.90496,30.47668,,,,,,,,,,,,,,,,
48,Defector,6,5.57251,8.18643,18.65589,1010.40165,37.91061,8.41791,,,,,,,,,,,,,,
49,Loner,6,611.55053,82.29801,60.91368,180.49791,69.12908,26.6276,,,,,,,,,,,,,,
50,Neither,6,0.01129,0.51292,10.42371,1036.81269,33.36796,6.61167,,,,,,,,,,,,,,
51,Both,6,601.11585,58.59904,1.46531,50.75502,28.29715,3.69488,,,,,,,,,,,,,,
52,Defector,8,3.77392,0.65228,12.70844,3.14091,9.37236,2.87753,18.07658,13.29278,,,,,,,,,,,,
53,Loner,8,583.87022,23.55718,70.23282,61.58246,132.56192,44.17231,73.27571,25.66909,,,,,,,,,,,,
54,Neither,8,3e-05,0.00927,0.44717,8.81652,845.2998,91.18397,79.47213,31.27796,,,,,,,,,,,,
55,Both,8,584.90739,6.00846,67.1043,1.65462,58.35256,0.97599,32.53616,3.55359,,,,,,,,,,,,
56,Defector,10,4.3331,0.28336,14.50329,0.88714,0.0,13.72315,1.57095,23.0472,12.46395,0.0,,,,,,,,,,
57,Loner,10,91.27409,2.88372,10.06715,9.73181,0.0,26.54759,12.74936,28.16349,16.81507,0.0,,,,,,,,,,
58,Neither,10,8e-05,0.00518,0.26235,5.06099,0.0,491.95043,65.84276,62.52705,32.61875,0.0,,,,,,,,,,
59,Both,10,484.02763,4.88274,56.36136,1.33361,0.0,47.74822,1.07151,28.53285,4.84726,0.0,,,,,,,,,,
60,Defector,12,11.07948,4.00358,0.0,24.78153,6.52636,0.0,95.42723,9.09057,0.0,35.75519,18.63987,0.0,,,,,,,,
61,Loner,12,207.4987,7.53049,0.0,21.46411,20.2878,0.0,46.9957,18.2404,0.0,35.63594,19.96255,0.0,,,,,,,,
62,Neither,12,9e-05,0.00694,0.0,0.32824,6.23242,0.0,602.56069,65.63477,0.0,58.75789,32.85323,0.0,,,,,,,,
63,Both,12,562.56994,5.69982,0.0,66.36826,1.6344,0.0,55.19328,1.05547,0.0,33.34634,3.76661,0.0,,,,,,,,
64,Defector,14,4.79371,0.58409,0.0,16.48891,0.0,1.8792,0.0,13.86227,2.134,0.0,15.72962,0.0,13.01671,0.0,,,,,,
65,Loner,14,281.21682,11.68593,0.0,36.54075,0.0,32.55497,0.0,76.65147,26.5124,0.0,51.05342,0.0,22.85102,0.0,,,,,,
66,Neither,14,0.00012,0.00674,0.0,0.30052,0.0,5.81993,0.0,564.29933,72.71044,0.0,66.76679,0.0,34.15167,0.0,,,,,,
67,Both,14,556.07884,5.61706,0.0,62.32996,0.0,1.55924,0.0,52.17694,1.03988,0.0,31.97825,0.0,3.9234,0.0,,,,,,
68,Defector,16,5.3481,0.0,0.53474,0.0,16.71395,0.0,0.95662,0.0,13.44949,0.0,2.69507,0.0,18.1284,0.0,12.91669,0.0,,,,
69,Loner,16,0.22785,0.0,0.00984,0.0,0.06493,0.0,0.91973,0.0,12.43624,0.0,26.59902,0.0,21.0368,0.0,16.32419,0.0,,,,
70,Neither,16,1e-05,0.0,0.00417,0.0,0.20801,0.0,3.90757,0.0,383.12486,0.0,50.44992,0.0,52.51687,0.0,33.71608,0.0,,,,
71,Both,16,475.28656,0.0,4.81416,0.0,60.09309,0.0,1.47027,0.0,51.17834,0.0,1.17603,0.0,35.01703,0.0,4.70716,0.0,,,,
72,Defector,18,7.97185,0.0,0.88878,0.0,20.97817,0.0,2.11631,0.0,0.0,12.33089,0.0,2.08805,0.0,16.82203,0.0,12.2072,0.0,0.0,,
73,Loner,18,238.77317,0.0,10.5669,0.0,34.51526,0.0,30.52622,0.0,0.0,65.19909,0.0,29.98408,0.0,41.78015,0.0,26.41522,0.0,0.0,,
74,Neither,18,9e-05,0.0,0.00648,0.0,0.30742,0.0,5.98011,0.0,0.0,580.74537,0.0,63.68498,0.0,58.31327,0.0,31.29281,0.0,0.0,,
75,Both,18,311.56599,0.0,3.11725,0.0,42.62309,0.0,0.99488,0.0,0.0,36.97978,0.0,1.23674,0.0,29.02528,0.0,6.79893,0.0,0.0,,
76,Defector,20,11.95055,0.0,4.6191,0.0,0.0,26.7949,0.0,9.31612,0.0,0.0,150.21198,0.0,12.17561,0.0,0.0,27.37605,0.0,15.35537,0.0,0.0
77,Loner,20,98.81816,0.0,4.68506,0.0,0.0,16.37405,0.0,15.1496,0.0,0.0,30.8698,0.0,14.48935,0.0,0.0,29.41028,0.0,18.58959,0.0,0.0
78,Neither,20,1e-05,0.0,0.00402,0.0,0.0,0.1959,0.0,3.76375,0.0,0.0,369.71733,0.0,42.16003,0.0,0.0,42.55522,0.0,28.98194,0.0,0.0
79,Both,20,459.86496,0.0,4.62319,0.0,0.0,59.82461,0.0,1.41654,0.0,0.0,51.73139,0.0,1.1752,0.0,0.0,38.00273,0.0,4.97537,0.0,0.0
80,Defector,2,108.07684,910.70375,,,,,,,,,,,,,,,,,,
81,Loner,2,940.92421,123.43443,,,,,,,,,,,,,,,,,,
82,Neither,2,9.57832,1018.64646,,,,,,,,,,,,,,,,,,
83,Both,2,1037.31656,49.548,,,,,,,,,,,,,,,,,,
84,Defector,4,8.08711,34.09712,972.9583,81.07088,,,,,,,,,,,,,,,,
85,Loner,4,763.75702,108.00526,126.48983,50.56631,,,,,,,,,,,,,,,,
86,Neither,4,0.00995,10.50132,1014.76581,58.63863,,,,,,,,,,,,,,,,
87,Both,4,878.47307,81.88226,69.68168,29.52951,,,,,,,,,,,,,,,,
88,Defector,6,9.35533,10.25786,19.342,989.9047,38.38768,8.93858,,,,,,,,,,,,,,
89,Loner,6,654.19088,75.97305,57.73295,162.21453,61.64798,23.8371,,,,,,,,,,,,,,
90,Neither,6,0.01037,0.51835,10.40359,1049.34326,34.27652,6.10453,,,,,,,,,,,,,,
91,Both,6,648.40595,76.93158,1.79671,69.42618,34.83587,2.79801,,,,,,,,,,,,,,
92,Defector,8,5.66214,0.3902,17.26202,0.36491,8.87127,1.36461,14.6192,12.37686,,,,,,,,,,,,
93,Loner,8,593.63957,23.08881,66.89515,58.23024,127.20018,41.97172,73.78852,25.69327,,,,,,,,,,,,
94,Neither,8,9e-05,0.0086,0.43797,8.63183,828.22703,92.71447,88.05766,36.35394,,,,,,,,,,,,
95,Both,8,403.13301,4.14337,56.50834,1.277,47.77031,1.15155,31.87186,5.60968,,,,,,,,,,,,
96,Defector,10,12.35304,0.96321,24.93818,0.46171,0.0,9.11077,1.56422,15.21725,11.3209,0.0,,,,,,,,,,
97,Loner,10,258.73671,11.18925,35.38637,30.36617,0.0,61.80228,23.75738,40.95975,20.58594,0.0,,,,,,,,,,
98,Neither,10,3e-05,0.00547,0.28409,5.47516,0.0,531.586,64.26194,62.11485,34.43901,0.0,,,,,,,,,,
99,Both,10,317.47449,3.17838,41.1259,0.91587,0.0,35.35702,1.16837,27.35843,6.8751,0.0,,,,,,,,,,
100,Defector,12,8.37929,2.47188,0.0,21.40943,5.20126,0.0,95.46533,8.3077,0.0,26.2415,14.63998,0.0,,,,,,,,
101,Loner,12,0.22102,0.00648,0.0,0.04712,0.89748,0.0,12.60435,26.58194,0.0,20.53576,16.36862,0.0,,,,,,,,
102,Neither,12,6e-05,0.00242,0.0,0.12274,2.23244,0.0,227.95309,29.00271,0.0,32.92659,25.88047,0.0,,,,,,,,
103,Both,12,474.70002,4.80791,0.0,54.68804,1.34303,0.0,47.13915,1.0831,0.0,30.84506,4.97038,0.0,,,,,,,,
104,Defector,14,35.34974,6.31668,0.0,29.03625,0.0,9.19946,0.0,179.38466,14.17796,0.0,29.18333,0.0,15.34358,0.0,,,,,,
105,Loner,14,126.50222,5.58641,0.0,18.84706,0.0,17.12482,0.0,39.02597,16.94362,0.0,33.90279,0.0,20.91347,0.0,,,,,,
106,Neither,14,4e-05,0.00539,0.0,0.24973,0.0,4.72035,0.0,464.45535,54.52993,0.0,52.32827,0.0,31.58197,0.0,,,,,,
107,Both,14,370.45357,3.7348,0.0,48.89831,0.0,1.12522,0.0,43.00601,1.19595,0.0,30.76389,0.0,6.12693,0.0,,,,,,
108,Defector,16,6.80883,0.0,1.39977,0.0,23.03286,0.0,2.64396,0.0,7.27247,0.0,2.19954,0.0,15.24961,0.0,12.18649,0.0,,,,
109,Loner,16,27.8584,0.0,1.0816,0.0,2.62738,0.0,1.62958,0.0,14.47585,0.0,22.8936,0.0,17.46142,0.0,14.46754,0.0,,,,
110,Neither,16,5e-05,0.0,0.00505,0.0,0.23571,0.0,4.53507,0.0,441.90608,0.0,51.24866,0.0,49.19941,0.0,28.15724,0.0,,,,
111,Both,16,497.78919,0.0,5.01909,0.0,51.54918,0.0,1.3602,0.0,42.88806,0.0,1.08002,0.0,30.25019,0.0,4.70869,0.0,,,,
112,Defector,18,12.1222,0.0,1.06146,0.0,25.30047,0.0,1.19538,0.0,0.0,9.20578,0.0,1.58897,0.0,15.08779,0.0,11.14325,0.0,0.0,,
113,Loner,18,194.48687,0.0,8.07728,0.0,25.12896,0.0,22.83901,0.0,0.0,47.67729,0.0,21.46545,0.0,40.35305,0.0,22.4823,0.0,0.0,,
114,Neither,18,7e-05,0.0,0.00552,0.0,0.2825,0.0,5.44423,0.0,0.0,533.11501,0.0,61.57578,0.0,56.8098,0.0,35.01971,0.0,0.0,,
115,Both,18,544.69109,0.0,5.55501,0.0,62.92998,0.0,1.57507,0.0,0.0,55.55225,0.0,1.05194,0.0,32.04229,0.0,4.01358,0.0,0.0,,
116,Defector,20,5.63465,0.0,0.44309,0.0,0.0,17.70772,0.0,0.38888,0.0,0.0,9.50586,0.0,1.37932,0.0,0.0,14.21709,0.0,12.46731,0.0,0.0
117,Loner,20,108.09392,0.0,7.99278,0.0,0.0,41.8719,0.0,32.25377,0.0,0.0,79.06024,0.0,27.15964,0.0,0.0,31.15692,0.0,27.32349,0.0,0.0
118,Neither,20,6e-05,0.0,0.00732,0.0,0.0,0.33852,0.0,6.55644,0.0,0.0,633.40328,0.0,68.34835,0.0,0.0,62.1777,0.0,34.02439,0.0,0.0
119,Both,20,622.86546,0.0,6.39956,0.0,0.0,72.40554,0.0,1.8181,0.0,0.0,60.27334,0.0,1.01901,0.0,0.0,35.75455,0.0,2.94869,0.0,0.0
120,Defector,2,103.61893,912.25927,,,,,,,,,,,,,,,,,,
121,Loner,2,933.58423,123.18911,,,,,,,,,,,,,,,,,,
122,Neither,2,9.51921,1010.9862,,,,,,,,,,,,,,,,,,
123,Both,2,1044.32793,45.11603,,,,,,,,,,,,,,,,,,
124,Defector,4,6.22795,33.38027,974.1622,78.96619,,,,,,,,,,,,,,,,
125,Loner,4,761.30275,111.8729,128.93309,53.96876,,,,,,,,,,,,,,,,
126,Neither,4,0.00929,10.47831,1012.12737,58.1202,,,,,,,,,,,,,,,,
127,Both,4,871.70463,86.56464,71.90559,30.85832,,,,,,,,,,,,,,,,
128,Defector,6,8.92086,14.67652,15.64229,708.70086,39.40123,13.46535,,,,,,,,,,,,,,
129,Loner,6,665.86692,75.81369,57.36255,163.59709,59.68364,23.1206,,,,,,,,,,,,,,
130,Neither,6,0.00986,0.5163,10.4418,1052.5231,33.18996,5.47544,,,,,,,,,,,,,,
131,Both,6,543.82697,58.86384,1.42428,51.64894,28.28811,4.22748,,,,,,,,,,,,,,
132,Defector,8,9.44037,6.32386,18.74167,15.23178,253.41362,23.19059,46.5918,18.12053,,,,,,,,,,,,
133,Loner,8,600.71904,21.97694,66.90305,58.03723,123.19473,44.04844,70.13844,27.90233,,,,,,,,,,,,
134,Neither,8,4e-05,0.00951,0.44883,8.73526,844.62179,93.44235,83.99096,34.03194,,,,,,,,,,,,
135,Both,8,564.96849,5.77847,69.23475,1.68439,59.72807,1.0542,34.70807,3.64528,,,,,,,,,,,,
136,Defector,10,5.18869,0.3718,15.29726,1.26218,0.0,6.01694,2.11717,14.74297,12.58905,0.0,,,,,,,,,,
137,Loner,10,17.50963,3.37325,14.96861,13.63104,0.0,37.88228,19.96946,29.08946,21.27153,0.0,,,,,,,,,,
138,Neither,10,0.0001,0.00644,0.30409,5.87914,0.0,574.15449,71.0125,67.60712,34.24354,0.0,,,,,,,,,,
139,Both,10,485.88595,4.86916,52.77877,1.34932,0.0,44.80388,1.07968,30.43556,4.84122,0.0,,,,,,,,,,
140,Defector,12,6.50752,0.685,0.0,17.09956,1.44553,0.0,17.62272,2.68268,0.0,15.99064,12.64931,0.0,,,,,,,,
141,Loner,12,0.00366,0.00664,0.0,0.0316,0.94326,0.0,12.61836,26.92086,0.0,20.98321,16.4407,0.0,,,,,,,,
142,Neither,12,3e-05,0.00652,0.0,0.30595,5.90538,0.0,575.72362,66.27685,0.0,59.57188,35.04125,0.0,,,,,,,,
143,Both,12,314.38002,3.12203,0.0,41.90874,0.96715,0.0,36.52028,1.22937,0.0,28.47247,6.83871,0.0,,,,,,,,
144,Defector,14,9.54569,1.28781,0.0,25.48278,0.0,1.59702,0.0,7.68182,1.98983,0.0,15.53774,0.0,11.40634,0.0,,,,,,
145,Loner,14,28.95217,1.50683,0.0,4.44655,0.0,5.8203,0.0,28.32318,23.53584,0.0,21.75767,0.0,17.22245,0.0,,,,,,
146,Neither,14,3e-05,0.00538,0.0,0.24421,0.0,4.68035,0.0,459.64136,53.23132,0.0,51.5204,0.0,30.26973,0.0,,,,,,
147,Both,14,488.14716,4.93175,0.0,59.66276,0.0,1.46588,0.0,51.89631,1.12384,0.0,33.77901,0.0,4.63185,0.0,,,,,,
148,Defector,16,6.78768,0.0,1.40316,0.0,23.09389,0.0,2.69776,0.0,7.71745,0.0,2.22383,0.0,15.28169,0.0,12.22863,0.0,,,,
149,Loner,16,276.68726,0.0,10.54531,0.0,33.30153,0.0,30.41121,0.0,55.48701,0.0,27.19246,0.0,40.50274,0.0,20.42654,0.0,,,,
150,Neither,16,3e-05,0.0,0.00563,0.0,0.24956,0.0,4.78449,0.0,468.8781,0.0,58.8063,0.0,56.04516,0.0,37.13708,0.0,,,,
151,Both,16,406.65558,0.0,4.12355,0.0,51.73679,0.0,1.22614,0.0,43.41345,0.0,1.16395,0.0,29.95195,0.0,5.65756,0.0,,,,
152,Defector,18,6.80659,0.0,1.31829,0.0,23.16667,0.0,2.5196,0.0,0.0,6.69206,0.0,2.17561,0.0,15.18757,0.0,12.12966,0.0,0.0,,
153,Loner,18,112.30716,0.0,6.48055,0.0,29.03219,0.0,21.8695,0.0,0.0,51.91858,0.0,26.31964,0.0,33.56698,0.0,22.16051,0.0,0.0,,
154,Neither,18,6e-05,0.0,0.00391,0.0,0.21982,0.0,4.08823,0.0,0.0,399.20179,0.0,55.16165,0.0,56.42415,0.0,33.90887,0.0,0.0,,
155,Both,18,433.2149,0.0,4.31639,0.0,52.84536,0.0,1.29566,0.0,0.0,46.12214,0.0,1.18873,0.0,32.92719,0.0,5.3494,0.0,0.0,,
156,Defector,20,7.84444,0.0,4.29222,0.0,0.0,16.91142,0.0,8.23525,0.0,0.0,158.93966,0.0,11.83254,0.0,0.0,29.87272,0.0,14.85455,0.0,0.0
157,Loner,20,23.22115,0.0,1.15379,0.0,0.0,2.80979,0.0,2.50508,0.0,0.0,15.10376,0.0,23.59917,0.0,0.0,17.40669,0.0,15.16448,0.0,0.0
158,Neither,20,3e-05,0.0,0.00562,0.0,0.0,0.25298,0.0,4.83458,0.0,0.0,473.48826,0.0,57.22541,0.0,0.0,59.03257,0.0,35.78971,0.0,0.0
159,Both,20,230.11552,0.0,2.30124,0.0,0.0,31.89409,0.0,0.69921,0.0,0.0,29.38978,0.0,1.26196,0.0,0.0,26.05518,0.0,7.91861,0.0,0.0
160,Defector,2,108.56281,904.74278,,,,,,,,,,,,,,,,,,
161,Loner,2,927.08594,136.44588,,,,,,,,,,,,,,,,,,
162,Neither,2,9.55124,1026.23084,,,,,,,,,,,,,,,,,,
163,Both,2,1049.38102,40.70386,,,,,,,,,,,,,,,,,,
164,Defector,4,5.49925,33.20401,968.24693,83.75634,,,,,,,,,,,,,,,,
165,Loner,4,756.8856,110.65583,128.86654,52.91059,,,,,,,,,,,,,,,,
166,Neither,4,0.00901,10.45766,1013.43301,59.29452,,,,,,,,,,,,,,,,
167,Both,4,867.08142,88.91743,77.24926,29.71442,,,,,,,,,,,,,,,,
168,Defector,6,6.62846,8.57056,17.83728,939.6578,36.64816,9.59283,,,,,,,,,,,,,,
169,Loner,6,638.61972,78.40311,61.01481,173.48491,61.10425,24.18618,,,,,,,,,,,,,,
170,Neither,6,0.01103,0.51304,10.48616,1047.9215,30.89952,5.84838,,,,,,,,,,,,,,
171,Both,6,638.30697,64.03285,1.58446,54.28122,28.49518,3.20941,,,,,,,,,,,,,,
172,Defector,8,5.59389,1.70772,16.19637,4.03968,74.4601,6.54451,23.3766,14.03561,,,,,,,,,,,,
173,Loner,8,632.36479,21.94257,65.23935,54.25102,117.72403,42.94555,68.49795,24.3463,,,,,,,,,,,,
174,Neither,8,6e-05,0.00957,0.45521,8.92817,860.64754,88.68258,76.62109,30.9917,,,,,,,,,,,,
175,Both,8,510.36046,5.19053,57.69838,1.42408,49.72635,1.03166,32.61426,4.51315,,,,,,,,,,,,
176,Defector,10,11.01961,2.07186,23.60087,3.50805,0.0,31.41289,4.82618,19.71044,12.60757,0.0,,,,,,,,,,
177,Loner,10,19.85475,0.85417,2.74459,3.77687,0.0,16.57029,12.12569,29.27899,21.17979,0.0,,,,,,,,,,
178,Neither,10,5e-05,0.00558,0.24631,4.70971,0.0,461.1758,59.05247,59.63676,34.02328,0.0,,,,,,,,,,
179,Both,10,638.23047,6.52403,69.05363,1.72596,0.0,55.97629,0.95267,32.2393,2.99496,0.0,,,,,,,,,,
180,Defector,12,4.28643,0.23103,0.0,14.08125,0.38004,0.0,14.79855,1.58508,0.0,23.73661,12.42379,0.0,,,,,,,,
181,Loner,12,150.86115,7.30293,0.0,21.63038,22.36938,0.0,36.60972,14.70886,0.0,33.50168,21.74905,0.0,,,,,,,,
182,Neither,12,4e-05,0.00381,0.0,0.18814,3.59175,0.0,349.19954,46.67028,0.0,47.71787,28.93712,0.0,,,,,,,,
183,Both,12,314.83498,3.1367,0.0,37.10217,0.90316,0.0,32.57438,1.19512,0.0,28.17948,6.9042,0.0,,,,,,,,
184,Defector,14,27.09588,9.65376,0.0,34.46114,0.0,14.35816,0.0,245.46586,26.20852,0.0,42.36335,0.0,18.96358,0.0,,,,,,
185,Loner,14,106.32257,5.56274,0.0,17.75211,0.0,16.07936,0.0,31.24413,14.32636,0.0,27.4884,0.0,20.24864,0.0,,,,,,
186,Neither,14,9e-05,0.00653,0.0,0.31085,0.0,5.98398,0.0,578.80938,59.18831,0.0,55.22028,0.0,29.894,0.0,,,,,,
187,Both,14,669.25634,6.85685,0.0,75.53571,0.0,1.85882,0.0,61.86914,0.96823,0.0,33.8038,0.0,2.48416,0.0,,,,,,
188,Defector,16,12.05319,0.0,1.32439,0.0,26.31805,0.0,1.45843,0.0,8.75628,0.0,1.8567,0.0,16.17545,0.0,11.41654,0.0,,,,
189,Loner,16,36.18348,0.0,0.86935,0.0,2.28647,0.0,2.71642,0.0,14.27861,0.0,23.81408,0.0,23.73828,0.0,17.11851,0.0,,,,
190,Neither,16,7e-05,0.0,0.0046,0.0,0.21176,0.0,3.99474,0.0,393.77895,0.0,51.99179,0.0,50.52016,0.0,31.12033,0.0,,,,
191,Both,16,467.6966,0.0,4.74553,0.0,55.43242,0.0,1.33421,0.0,47.02213,0.0,1.12961,0.0,30.61595,0.0,4.95239,0.0,,,,
192,Defector,18,5.57892,0.0,0.31778,0.0,17.57008,0.0,0.40649,0.0,0.0,9.23441,0.0,1.42795,0.0,14.32186,0.0,12.47024,0.0,0.0,,
193,Loner,18,56.25202,0.0,1.86526,0.0,4.54434,0.0,3.5497,0.0,0.0,24.8801,0.0,11.59593,0.0,26.55392,0.0,12.80185,0.0,0.0,,
194,Neither,18,0.00011,0.0,0.00538,0.0,0.25888,0.0,4.82751,0.0,0.0,466.93548,0.0,61.67735,0.0,61.88433,0.0,32.36424,0.0,0.0,,
195,Both,18,586.9746,0.0,5.94209,0.0,64.47755,0.0,1.66264,0.0,0.0,56.46666,0.0,1.00234,0.0,32.24665,0.0,3.52303,0.0,0.0,,
196,Defector,20,13.65564,0.0,9.01104,0.0,0.0,25.32386,0.0,18.65325,0.0,0.0,343.01838,0.0,27.28153,0.0,0.0,44.12007,0.0,25.5505,0.0,0.0
197,Loner,20,141.73444,0.0,5.03939,0.0,0.0,14.80227,0.0,11.85532,0.0,0.0,32.11208,0.0,26.09861,0.0,0.0,25.98632,0.0,17.68778,0.0,0.0
198,Neither,20,2e-05,0.0,0.00623,0.0,0.0,0.28494,0.0,5.44402,0.0,0.0,530.35024,0.0,65.48597,0.0,0.0,59.92291,0.0,33.31864,0.0,0.0
199,Both,20,564.21689,0.0,5.72388,0.0,0.0,62.22893,0.0,1.61266,0.0,0.0,53.88931,0.0,1.07058,0.0,0.0,34.89507,0.0,3.74004,0.0,0.0
200,Defector,2,106.30765,910.52117,,,,,,,,,,,,,,,,,,
201,Loner,2,942.30073,121.29472,,,,,,,,,,,,,,,,,,
202,Neither,2,9.40037,1012.11384,,,,,,,,,,,,,,,,,,
203,Both,2,1046.70368,39.69875,,,,,,,,,,,,,,,,,,
204,Defector,4,8.39667,33.9299,959.46237,81.14681,,,,,,,,,,,,,,,,
205,Loner,4,773.13435,103.8838,120.70872,50.39857,,,,,,,,,,,,,,,,
206,Neither,4,0.00877,10.45836,1007.74013,60.29066,,,,,,,,,,,,,,,,
207,Both,4,887.34844,82.33314,67.48795,27.77564,,,,,,,,,,,,,,,,
208,Defector,6,8.66557,8.41422,16.50876,882.27931,33.90897,9.36313,,,,,,,,,,,,,,
209,Loner,6,649.44252,76.05178,56.26197,167.21595,60.0799,23.86196,,,,,,,,,,,,,,
210,Neither,6,0.00995,0.51914,10.42084,1042.51244,34.95588,6.17265,,,,,,,,,,,,,,
211,Both,6,478.91898,55.89605,1.29007,47.59745,28.694,4.97069,,,,,,,,,,,,,,
212,Defector,8,8.69973,3.3114,15.85473,6.11662,95.1459,12.86558,31.26597,15.1896,,,,,,,,,,,,
213,Loner,8,480.42094,18.93065,58.93746,50.51604,212.4851,40.07212,95.70882,24.40917,,,,,,,,,,,,
214,Neither,8,0.00011,0.00935,0.45004,8.68025,836.72839,93.66472,84.11222,34.73002,,,,,,,,,,,,
215,Both,8,454.06464,4.56596,56.99212,1.37335,49.33346,1.1504,36.00818,5.09113,,,,,,,,,,,,
216,Defector,10,39.3083,2.244,25.18175,1.16735,0.0,35.00727,3.28229,18.90887,12.34406,0.0,,,,,,,,,,
217,Loner,10,0.92057,0.25093,0.76926,2.58267,0.0,13.52573,25.55995,21.3896,16.63861,0.0,,,,,,,,,,
218,Neither,10,0.0001,0.0053,0.25371,4.8415,0.0,472.18685,61.25623,59.39489,33.81787,0.0,,,,,,,,,,
219,Both,10,542.56296,5.45681,64.23815,1.55545,0.0,53.37086,1.05146,32.34568,4.08496,0.0,,,,,,,,,,
220,Defector,12,9.83971,5.57318,0.0,22.62613,9.56596,0.0,172.10139,14.43623,0.0,27.00573,14.68685,0.0,,,,,,,,
221,Loner,12,28.39741,0.19028,0.0,3.83647,4.23098,0.0,11.09471,14.37269,0.0,17.35706,13.98305,0.0,,,,,,,,
222,Neither,12,9e-05,0.00541,0.0,0.24926,4.80629,0.0,466.44806,61.12497,0.0,58.93719,33.01703,0.0,,,,,,,,
223,Both,12,497.37757,5.04314,0.0,55.66069,1.34017,0.0,45.79172,1.03855,0.0,30.27525,4.7452,0.0,,,,,,,,
224,Defector,14,4.64474,3.57331,0.0,10.22289,0.0,9.69913,0.0,171.13987,17.1099,0.0,31.59135,0.0,19.35964,0.0,,,,,,
225,Loner,14,107.51854,5.07011,0.0,19.12896,0.0,15.28911,0.0,36.44888,18.13198,0.0,28.26902,0.0,21.40454,0.0,,,,,,
226,Neither,14,7e-05,0.00685,0.0,0.32593,0.0,6.33939,0.0,612.22078,66.58175,0.0,62.25288,0.0,30.31347,0.0,,,,,,
227,Both,14,463.64359,4.70541,0.0,53.69122,0.0,1.30446,0.0,44.99812,1.07192,0.0,29.87634,0.0,5.10895,0.0,,,,,,
228,Defector,16,19.82876,0.0,12.17685,0.0,28.50086,0.0,23.29127,0.0,463.60246,0.0,44.96381,0.0,59.66033,0.0,22.31885,0.0,,,,
229,Loner,16,170.93358,0.0,7.54385,0.0,24.36516,0.0,22.78619,0.0,50.65648,0.0,21.76683,0.0,36.31831,0.0,20.20695,0.0,,,,
230,Neither,16,5e-05,0.0,0.00423,0.0,0.18888,0.0,3.51652,0.0,347.60478,0.0,50.93933,0.0,51.58533,0.0,32.71454,0.0,,,,
231,Both,16,412.12606,0.0,4.11936,0.0,46.32697,0.0,1.16764,0.0,39.70547,0.0,1.17767,0.0,30.75403,0.0,5.68227,0.0,,,,
232,Defector,18,10.66316,0.0,2.64554,0.0,20.12172,0.0,3.4685,0.0,0.0,73.11756,0.0,6.32864,0.0,28.80483,0.0,13.71874,0.0,0.0,,
233,Loner,18,27.72173,0.0,1.08232,0.0,2.65906,0.0,1.68133,0.0,0.0,14.64019,0.0,22.98101,0.0,17.56575,0.0,14.58038,0.0,0.0,,
234,Neither,18,9e-05,0.0,0.00583,0.0,0.26645,0.0,5.11765,0.0,0.0,497.72508,0.0,59.59592,0.0,57.63878,0.0,32.68224,0.0,0.0,,
235,Both,18,494.38495,0.0,4.98105,0.0,58.39907,0.0,1.41727,0.0,0.0,50.4543,0.0,1.06481,0.0,29.43239,0.0,4.70755,0.0,0.0,,
236,Defector,20,16.22544,0.0,6.33312,0.0,0.0,19.86134,0.0,13.49611,0.0,0.0,240.41309,0.0,20.53827,0.0,0.0,34.55682,0.0,16.85596,0.0,0.0
237,Loner,20,22.99122,0.0,0.65507,0.0,0.0,2.10068,0.0,1.90407,0.0,0.0,15.36898,0.0,26.10196,0.0,0.0,21.46971,0.0,16.69938,0.0,0.0
238,Neither,20,8e-05,0.0,0.0054,0.0,0.0,0.25888,0.0,4.98275,0.0,0.0,488.73417,0.0,54.19437,0.0,0.0,52.2384,0.0,26.87314,0.0,0.0
239,Both,20,435.81397,0.0,4.38594,0.0,0.0,56.01472,0.0,1.3545,0.0,0.0,47.00483,0.0,1.18408,0.0,0.0,32.42088,0.0,5.247,0.0,0.0
240,Defector,2,108.02111,919.02172,,,,,,,,,,,,,,,,,,
241,Loner,2,944.33597,119.9832,,,,,,,,,,,,,,,,,,
242,Neither,2,9.50802,1012.6812,,,,,,,,,,,,,,,,,,
243,Both,2,1043.08008,44.56347,,,,,,,,,,,,,,,,,,
244,Defector,4,8.20209,37.05477,959.02605,91.98096,,,,,,,,,,,,,,,,
245,Loner,4,773.71873,107.27061,124.60912,49.89208,,,,,,,,,,,,,,,,
246,Neither,4,0.00969,10.43648,1003.77275,60.33737,,,,,,,,,,,,,,,,
247,Both,4,876.87838,83.16704,70.18873,28.60433,,,,,,,,,,,,,,,,
248,Defector,6,5.52972,8.23416,15.58254,797.54121,32.06915,9.67603,,,,,,,,,,,,,,
249,Loner,6,609.64561,81.11277,61.4072,181.50482,66.02538,26.09973,,,,,,,,,,,,,,
250,Neither,6,0.0103,0.52195,10.39214,1044.6276,37.03171,6.24851,,,,,,,,,,,,,,
251,Both,6,672.50888,77.41263,1.8379,66.2169,33.22812,2.52899,,,,,,,,,,,,,,
252,Defector,8,5.82022,1.83378,17.80755,4.55335,99.93157,7.62015,25.90774,15.26588,,,,,,,,,,,,
253,Loner,8,556.15032,22.59963,65.62465,58.35157,152.78023,46.1205,79.01086,26.47686,,,,,,,,,,,,
254,Neither,8,4e-05,0.00978,0.45855,8.86476,854.14247,87.4547,74.82878,33.28298,,,,,,,,,,,,
255,Both,8,447.76787,4.53773,57.03162,1.3584,50.01422,1.13501,34.07947,5.13212,,,,,,,,,,,,
256,Defector,10,9.28708,6.23867,24.21183,13.19908,0.0,264.83788,24.48933,37.20484,16.70782,0.0,,,,,,,,,,
257,Loner,10,173.75155,8.2686,26.97621,22.94091,0.0,48.83474,21.62782,39.5079,27.94561,0.0,,,,,,,,,,
258,Neither,10,5e-05,0.00299,0.14832,2.69094,0.0,266.02104,43.34123,47.60632,33.07976,0.0,,,,,,,,,,
259,Both,10,500.90213,5.02329,65.54598,1.55823,0.0,54.18515,1.13948,32.88402,4.44834,0.0,,,,,,,,,,
260,Defector,12,14.41876,10.22238,0.0,25.26946,19.00511,0.0,421.41467,30.81103,0.0,49.12841,17.96584,0.0,,,,,,,,
261,Loner,12,324.2948,13.08298,0.0,39.64639,34.17341,0.0,69.44671,30.39339,0.0,42.91082,25.12854,0.0,,,,,,,,
262,Neither,12,0.00011,0.00608,0.0,0.29936,5.65631,0.0,547.15854,71.31946,0.0,66.98217,35.14021,0.0,,,,,,,,
263,Both,12,556.89441,5.59116,0.0,60.58331,1.52712,0.0,50.40482,1.0527,0.0,32.18614,3.99592,0.0,,,,,,,,
264,Defector,14,10.9069,8.24408,0.0,22.47351,0.0,18.00961,0.0,402.08146,34.97144,0.0,45.53014,0.0,19.95641,0.0,,,,,,
265,Loner,14,29.51808,0.84162,0.0,5.17286,0.0,6.21317,0.0,18.36523,18.48278,0.0,21.4905,0.0,15.83467,0.0,,,,,,
266,Neither,14,3e-05,0.00641,0.0,0.31676,0.0,6.21553,0.0,605.90467,74.60445,0.0,68.55251,0.0,35.74879,0.0,,,,,,
267,Both,14,478.76605,4.89725,0.0,52.42908,0.0,1.30515,0.0,42.22906,1.05458,0.0,29.61257,0.0,4.90714,0.0,,,,,,
268,Defector,16,6.75706,0.0,1.41138,0.0,22.97036,0.0,2.73915,0.0,7.61148,0.0,2.20882,0.0,15.28905,0.0,12.17335,0.0,,,,
269,Loner,16,32.70389,0.0,1.51345,0.0,6.00099,0.0,4.45798,0.0,19.67857,0.0,25.03286,0.0,22.54228,0.0,16.96147,0.0,,,,
270,Neither,16,8e-05,0.0,0.0065,0.0,0.31982,0.0,6.20498,0.0,605.55809,0.0,73.1693,0.0,67.30202,0.0,36.33654,0.0,,,,
271,Both,16,542.19567,0.0,5.5702,0.0,66.78906,0.0,1.57297,0.0,59.38763,0.0,1.03519,0.0,31.99993,0.0,3.96324,0.0,,,,
272,Defector,18,16.50523,0.0,10.74852,0.0,27.80359,0.0,21.64283,0.0,0.0,384.3212,0.0,37.75364,0.0,56.48957,0.0,20.87565,0.0,0.0,,
273,Loner,18,140.15142,0.0,6.66298,0.0,19.92624,0.0,20.46821,0.0,0.0,38.08673,0.0,13.78962,0.0,32.68573,0.0,17.62933,0.0,0.0,,
274,Neither,18,5e-05,0.0,0.00434,0.0,0.21025,0.0,3.96472,0.0,0.0,385.61772,0.0,56.46992,0.0,57.26598,0.0,34.5482,0.0,0.0,,
275,Both,18,391.96567,0.0,3.95743,0.0,45.96007,0.0,1.11629,0.0,0.0,40.40061,0.0,1.11819,0.0,27.72702,0.0,5.97391,0.0,0.0,,
276,Defector,20,13.76051,0.0,10.16697,0.0,0.0,26.19543,0.0,20.75321,0.0,0.0,363.91894,0.0,30.55289,0.0,0.0,42.70472,0.0,18.42883,0.0,0.0
277,Loner,20,23.17598,0.0,1.14787,0.0,0.0,2.82057,0.0,2.53918,0.0,0.0,15.09181,0.0,23.59578,0.0,0.0,17.45002,0.0,15.14677,0.0,0.0
278,Neither,20,8e-05,0.0,0.00508,0.0,0.0,0.26392,0.0,5.10064,0.0,0.0,501.03187,0.0,50.10754,0.0,0.0,46.86255,0.0,27.159,0.0,0.0
279,Both,20,342.77642,0.0,3.48833,0.0,0.0,41.80581,0.0,0.97007,0.0,0.0,35.90924,0.0,1.18128,0.0,0.0,28.59524,0.0,6.53692,0.0,0.0
280,Defector,2,113.7555,901.88442,,,,,,,,,,,,,,,,,,
281,Loner,2,936.94271,124.35329,,,,,,,,,,,,,,,,,,
282,Neither,2,9.60903,1026.93735,,,,,,,,,,,,,,,,,,
283,Both,2,1053.23876,41.68238,,,,,,,,,,,,,,,,,,
284,Defector,4,7.32341,35.57477,954.12691,89.21295,,,,,,,,,,,,,,,,
285,Loner,4,769.35485,110.50671,127.25033,50.73262,,,,,,,,,,,,,,,,
286,Neither,4,0.01016,10.47443,1010.75945,57.53067,,,,,,,,,,,,,,,,
287,Both,4,890.90602,78.72387,66.6964,27.3998,,,,,,,,,,,,,,,,
288,Defector,6,8.17216,12.21991,11.64377,599.19564,28.49352,10.6351,,,,,,,,,,,,,,
289,Loner,6,661.88094,74.97034,55.59431,161.5123,58.40248,22.85166,,,,,,,,,,,,,,
290,Neither,6,0.01025,0.51284,10.42787,1043.82103,32.41335,6.50443,,,,,,,,,,,,,,
291,Both,6,581.79298,67.36001,1.60441,60.76989,32.51559,3.61963,,,,,,,,,,,,,,
292,Defector,8,9.35459,5.28217,20.81112,11.75008,240.69271,18.64238,37.31461,16.28705,,,,,,,,,,,,
293,Loner,8,593.37177,22.81973,68.33816,57.20776,123.16505,41.26821,73.20452,26.7267,,,,,,,,,,,,
294,Neither,8,5e-05,0.00908,0.45658,8.92712,861.74867,87.91478,75.01703,30.63068,,,,,,,,,,,,
295,Both,8,494.97219,5.08603,60.04825,1.40085,47.39522,1.03869,30.41375,4.65407,,,,,,,,,,,,
296,Defector,10,24.96695,4.16622,55.5541,2.85026,0.0,26.00171,3.51436,22.37463,11.59366,0.0,,,,,,,,,,
297,Loner,10,219.1922,7.76451,24.51439,20.85051,0.0,47.99853,24.37608,36.41198,21.97762,0.0,,,,,,,,,,
298,Neither,10,3e-05,0.0053,0.25868,4.93557,0.0,481.38215,57.39599,55.72539,30.42294,0.0,,,,,,,,,,
299,Both,10,601.61905,6.10413,69.48581,1.73088,0.0,59.52145,1.05074,34.90539,3.27131,0.0,,,,,,,,,,
300,Defector,12,7.19713,1.35833,0.0,23.40958,2.47543,0.0,7.33325,2.13012,0.0,15.31308,12.03782,0.0,,,,,,,,
301,Loner,12,25.51346,1.11297,0.0,2.63735,1.8938,0.0,14.48185,23.05812,0.0,17.58161,14.71497,0.0,,,,,,,,
302,Neither,12,4e-05,0.00614,0.0,0.26133,5.13305,0.0,503.05703,59.14941,0.0,56.49136,31.0038,0.0,,,,,,,,
303,Both,12,479.74275,4.89621,0.0,52.93486,1.27522,0.0,46.1026,1.08927,0.0,29.07965,4.92464,0.0,,,,,,,,
304,Defector,14,6.6939,1.45339,0.0,22.80355,0.0,2.7868,0.0,7.58504,2.20354,0.0,15.2004,0.0,12.15399,0.0,,,,,,
305,Loner,14,107.56367,3.4413,0.0,11.22104,0.0,10.99838,0.0,26.4946,15.99253,0.0,26.46297,0.0,16.42483,0.0,,,,,,
306,Neither,14,0.00011,0.0051,0.0,0.26897,0.0,5.17134,0.0,509.19801,57.71301,0.0,52.56108,0.0,32.20151,0.0,,,,,,
307,Both,14,524.64545,5.2943,0.0,64.64663,0.0,1.57864,0.0,54.67031,1.1103,0.0,34.6476,0.0,4.1613,0.0,,,,,,
308,Defector,16,10.64057,0.0,3.8686,0.0,23.71002,0.0,8.42521,0.0,125.09037,0.0,13.59377,0.0,26.74071,0.0,16.16602,0.0,,,,
309,Loner,16,0.00749,0.0,0.01235,0.0,0.05407,0.0,1.02927,0.0,12.21767,0.0,25.77278,0.0,21.44403,0.0,17.43178,0.0,,,,
310,Neither,16,6e-05,0.0,0.00449,0.0,0.22956,0.0,4.40426,0.0,431.70161,0.0,54.16131,0.0,52.21799,0.0,30.97432,0.0,,,,
311,Both,16,483.51926,0.0,4.80685,0.0,60.39639,0.0,1.42362,0.0,49.32841,0.0,1.13497,0.0,33.5029,0.0,4.79542,0.0,,,,
312,Defector,18,13.46483,0.0,12.1212,0.0,27.71112,0.0,15.07374,0.0,0.0,264.81656,0.0,23.65571,0.0,53.3167,0.0,17.06465,0.0,0.0,,
313,Loner,18,52.84477,0.0,1.58548,0.0,8.87647,0.0,8.26697,0.0,0.0,19.32546,0.0,16.01181,0.0,21.72709,0.0,15.20224,0.0,0.0,,
314,Neither,18,6e-05,0.0,0.0044,0.0,0.21287,0.0,4.03138,0.0,0.0,399.59815,0.0,52.48269,0.0,52.85715,0.0,30.47423,0.0,0.0,,
315,Both,18,541.69979,0.0,5.53633,0.0,66.64635,0.0,1.58525,0.0,0.0,56.06978,0.0,1.04063,0.0,32.70772,0.0,3.99869,0.0,0.0,,
316,Defector,20,19.94489,0.0,11.7343,0.0,0.0,29.32032,0.0,22.25238,0.0,0.0,420.26006,0.0,35.44329,0.0,0.0,51.01239,0.0,20.01059,0.0,0.0
317,Loner,20,134.37892,0.0,4.9617,0.0,0.0,14.68243,0.0,12.43011,0.0,0.0,31.51955,0.0,20.07981,0.0,0.0,33.7369,0.0,23.71966,0.0,0.0
318,Neither,20,0.00011,0.0,0.00522,0.0,0.0,0.23583,0.0,4.53166,0.0,0.0,440.23106,0.0,49.08346,0.0,0.0,47.59259,0.0,28.60338,0.0,0.0
319,Both,20,367.33263,0.0,3.695,0.0,0.0,47.25502,0.0,1.10568,0.0,0.0,40.14847,0.0,1.16277,0.0,0.0,29.15223,0.0,6.18779,0.0,0.0
320,Defector,2,110.78205,914.03311,,,,,,,,,,,,,,,,,,
321,Loner,2,931.15558,130.87091,,,,,,,,,,,,,,,,,,
322,Neither,2,9.65281,1020.15085,,,,,,,,,,,,,,,,,,
323,Both,2,1035.20437,46.16334,,,,,,,,,,,,,,,,,,
324,Defector,4,5.57833,30.86767,983.00405,75.61299,,,,,,,,,,,,,,,,
325,Loner,4,760.95391,111.00689,127.64225,49.83391,,,,,,,,,,,,,,,,
326,Neither,4,0.01064,10.49417,1011.2375,58.48886,,,,,,,,,,,,,,,,
327,Both,4,873.15176,84.28073,71.71297,28.31102,,,,,,,,,,,,,,,,
328,Defector,6,6.67049,8.85681,17.74318,905.03361,36.94015,9.92322,,,,,,,,,,,,,,
329,Loner,6,663.55381,74.30143,54.22385,162.19792,57.27761,22.6621,,,,,,,,,,,,,,
330,Neither,6,0.00933,0.51304,10.34146,1034.65692,39.85512,6.23431,,,,,,,,,,,,,,
331,Both,6,485.83739,50.60997,1.21406,43.87882,27.07336,5.03867,,,,,,,,,,,,,,
332,Defector,8,6.17858,1.26813,17.1996,2.19857,45.58859,3.56899,21.80743,13.54053,,,,,,,,,,,,
333,Loner,8,607.95502,23.63054,69.34965,57.74854,126.5442,42.50275,69.87257,23.66755,,,,,,,,,,,,
334,Neither,8,4e-05,0.00959,0.44154,8.64634,833.73183,93.54426,83.04618,35.20783,,,,,,,,,,,,
335,Both,8,478.54672,4.83384,62.60583,1.46038,52.15244,1.09619,34.09676,4.77727,,,,,,,,,,,,
336,Defector,10,6.75701,1.39818,22.96333,2.6608,0.0,7.35993,2.17928,15.15711,12.17998,0.0,,,,,,,,,,
337,Loner,10,28.55112,1.70905,5.8828,7.24633,0.0,29.4509,23.88033,19.20727,15.22871,0.0,,,,,,,,,,
338,Neither,10,4e-05,0.00477,0.2543,4.90772,0.0,476.74142,59.72244,59.71061,33.91951,0.0,,,,,,,,,,
339,Both,10,521.32717,5.31244,60.15369,1.46905,0.0,51.62315,1.07577,32.40525,4.32308,0.0,,,,,,,,,,
340,Defector,12,36.43367,2.09588,0.0,25.06388,1.12505,0.0,32.01487,3.11112,0.0,18.37352,12.29475,0.0,,,,,,,,
341,Loner,12,39.48524,2.01488,0.0,6.35357,6.29862,0.0,17.28763,14.74676,0.0,31.30743,21.7135,0.0,,,,,,,,
342,Neither,12,9e-05,0.00639,0.0,0.28602,5.55451,0.0,543.63763,63.51183,0.0,59.65608,35.34451,0.0,,,,,,,,
343,Both,12,352.26919,3.53644,0.0,48.52485,1.10096,0.0,40.60159,1.20434,0.0,30.46144,6.31164,0.0,,,,,,,,
344,Defector,14,41.5277,5.61567,0.0,28.93385,0.0,5.6802,0.0,90.05991,9.62158,0.0,23.21643,0.0,13.22921,0.0,,,,,,
345,Loner,14,135.68138,5.64406,0.0,16.32919,0.0,16.18074,0.0,31.24187,12.45078,0.0,30.62909,0.0,16.5163,0.0,,,,,,
346,Neither,14,7e-05,0.00708,0.0,0.31765,0.0,6.08347,0.0,593.49499,65.74277,0.0,61.5771,0.0,32.49032,0.0,,,,,,
347,Both,14,497.29663,5.04593,0.0,61.28914,0.0,1.51,0.0,54.33208,1.09765,0.0,35.09241,0.0,4.48652,0.0,,,,,,
348,Defector,16,9.42889,0.0,7.51662,0.0,24.10999,0.0,16.91924,0.0,349.54852,0.0,32.80564,0.0,49.12637,0.0,17.92722,0.0,,,,
349,Loner,16,13.86201,0.0,0.62414,0.0,1.35288,0.0,2.11442,0.0,6.65575,0.0,14.21587,0.0,26.60303,0.0,23.08165,0.0,,,,
350,Neither,16,8e-05,0.0,0.00554,0.0,0.28716,0.0,5.49541,0.0,535.11721,0.0,61.9424,0.0,59.40985,0.0,32.86483,0.0,,,,
351,Both,16,491.40474,0.0,4.88114,0.0,58.53671,0.0,1.44607,0.0,50.28279,0.0,1.12519,0.0,32.50023,0.0,4.67126,0.0,,,,
352,Defector,18,4.03391,0.0,0.71626,0.0,15.34072,0.0,2.33112,0.0,0.0,20.32982,0.0,2.66521,0.0,17.26933,0.0,13.45309,0.0,0.0,,
353,Loner,18,51.42718,0.0,1.5642,0.0,5.29349,0.0,5.4118,0.0,0.0,19.75137,0.0,16.55935,0.0,34.43899,0.0,21.41531,0.0,0.0,,
354,Neither,18,7e-05,0.0,0.00572,0.0,0.25099,0.0,4.80944,0.0,0.0,469.85985,0.0,53.27132,0.0,52.83006,0.0,32.98154,0.0,0.0,,
355,Both,18,235.90078,0.0,2.30136,0.0,28.57961,0.0,0.65446,0.0,0.0,25.89996,0.0,1.23556,0.0,25.87738,0.0,7.9672,0.0,0.0,,
356,Defector,20,15.5223,0.0,7.49241,0.0,0.0,22.5893,0.0,12.84327,0.0,0.0,268.48293,0.0,22.148,0.0,0.0,37.71818,0.0,19.5513,0.0,0.0
357,Loner,20,185.49948,0.0,7.16889,0.0,0.0,24.58969,0.0,19.6485,0.0,0.0,41.70433,0.0,19.29043,0.0,0.0,30.55689,0.0,20.40578,0.0,0.0
358,Neither,20,7e-05,0.0,0.00259,0.0,0.0,0.12193,0.0,2.26409,0.0,0.0,220.3434,0.0,37.583,0.0,0.0,41.49802,0.0,27.3932,0.0,0.0
359,Both,20,452.99919,0.0,4.6138,0.0,0.0,52.84872,0.0,1.29768,0.0,0.0,43.99757,0.0,1.08398,0.0,0.0,30.75541,0.0,5.16776,0.0,0.0
360,Defector,2,110.58079,916.4741,,,,,,,,,,,,,,,,,,
361,Loner,2,930.52957,131.64329,,,,,,,,,,,,,,,,,,
362,Neither,2,9.63773,1025.97157,,,,,,,,,,,,,,,,,,
363,Both,2,1041.081,43.57563,,,,,,,,,,,,,,,,,,
364,Defector,4,7.47007,33.60985,966.48118,81.1602,,,,,,,,,,,,,,,,
365,Loner,4,738.1254,111.66092,132.75644,56.96665,,,,,,,,,,,,,,,,
366,Neither,4,0.00983,10.47642,1011.2505,58.64982,,,,,,,,,,,,,,,,
367,Both,4,877.23847,83.25568,70.19759,29.38179,,,,,,,,,,,,,,,,
368,Defector,6,8.5168,9.82665,17.19667,898.38965,35.25469,9.70356,,,,,,,,,,,,,,
369,Loner,6,618.81162,83.04702,62.32924,179.53796,66.38261,25.98625,,,,,,,,,,,,,,
370,Neither,6,0.01041,0.51142,10.42177,1046.14804,33.67137,6.43961,,,,,,,,,,,,,,
371,Both,6,600.63764,66.40328,1.62855,56.82537,32.6063,3.4278,,,,,,,,,,,,,,
372,Defector,8,12.37149,6.57437,23.49951,14.37151,278.88372,23.75577,37.33676,15.79493,,,,,,,,,,,,
373,Loner,8,599.10232,23.47344,67.4012,58.67411,118.94793,43.86695,75.70308,28.6472,,,,,,,,,,,,
374,Neither,8,1e-05,0.00947,0.45515,8.82696,850.81859,90.11362,79.72833,33.00917,,,,,,,,,,,,
375,Both,8,547.20067,5.63171,71.99289,1.72393,63.55067,1.09942,37.92381,3.71336,,,,,,,,,,,,
376,Defector,10,4.44741,0.48545,14.49806,0.74583,0.0,17.28584,2.69607,21.06552,12.98717,0.0,,,,,,,,,,
377,Loner,10,120.59867,4.77098,15.42667,14.39681,0.0,35.5504,21.58826,32.52283,19.20995,0.0,,,,,,,,,,
378,Neither,10,9e-05,0.00623,0.28857,5.60929,0.0,542.67154,65.98039,60.74054,31.42611,0.0,,,,,,,,,,
379,Both,10,548.95748,5.58242,60.61025,1.50945,0.0,52.40539,1.01627,33.39165,4.04316,0.0,,,,,,,,,,
380,Defector,12,4.25238,0.83384,0.0,14.14037,2.86082,0.0,12.24493,2.26921,0.0,17.65638,13.12605,0.0,,,,,,,,
381,Loner,12,0.00539,0.00185,0.0,0.02446,0.99268,0.0,12.61199,26.81487,0.0,20.86865,16.35186,0.0,,,,,,,,
382,Neither,12,2e-05,0.00531,0.0,0.25664,4.93263,0.0,478.7384,55.54413,0.0,50.10668,30.14453,0.0,,,,,,,,
383,Both,12,462.20033,4.66527,0.0,58.46106,1.39895,0.0,47.29391,1.11963,0.0,31.43535,4.98709,0.0,,,,,,,,
384,Defector,14,6.14926,0.45664,0.0,16.03895,0.0,1.117,0.0,26.10758,2.34499,0.0,28.69463,0.0,14.93859,0.0,,,,,,
385,Loner,14,65.50234,3.74488,0.0,13.26745,0.0,9.31636,0.0,26.82608,23.14962,0.0,24.0657,0.0,17.27444,0.0,,,,,,
386,Neither,14,9e-05,0.00485,0.0,0.2216,0.0,4.1467,0.0,407.16543,47.65244,0.0,45.65913,0.0,30.27893,0.0,,,,,,
387,Both,14,567.00832,5.74735,0.0,60.28972,0.0,1.5446,0.0,49.26146,1.00882,0.0,30.14227,0.0,3.84315,0.0,,,,,,
388,Defector,16,12.3968,0.0,1.25684,0.0,25.11078,0.0,0.49567,0.0,8.46883,0.0,1.59674,0.0,15.30189,0.0,11.07265,0.0,,,,
389,Loner,16,145.20457,0.0,6.73562,0.0,20.8541,0.0,20.81285,0.0,41.95301,0.0,23.63352,0.0,36.79425,0.0,22.98671,0.0,,,,
390,Neither,16,5e-05,0.0,0.00565,0.0,0.26753,0.0,5.06744,0.0,492.35377,0.0,58.71071,0.0,54.40357,0.0,32.00508,0.0,,,,
391,Both,16,534.45384,0.0,5.4441,0.0,63.89478,0.0,1.56989,0.0,52.60775,0.0,1.08285,0.0,32.43839,0.0,4.10372,0.0,,,,
392,Defector,18,5.61605,0.0,0.44188,0.0,17.47196,0.0,0.58557,0.0,0.0,9.39775,0.0,1.43882,0.0,14.40825,0.0,12.61851,0.0,0.0,,
393,Loner,18,223.07127,0.0,8.3475,0.0,25.77164,0.0,23.72559,0.0,0.0,51.64042,0.0,24.64183,0.0,35.19814,0.0,21.31886,0.0,0.0,,
394,Neither,18,8e-05,0.0,0.00586,0.0,0.28769,0.0,5.52622,0.0,0.0,533.36008,0.0,71.20239,0.0,68.46246,0.0,38.18213,0.0,0.0,,
395,Both,18,501.76113,0.0,5.08267,0.0,59.72809,0.0,1.44985,0.0,0.0,50.27865,0.0,1.12499,0.0,34.14419,0.0,4.50905,0.0,0.0,,
396,Defector,20,12.04711,0.0,1.21814,0.0,0.0,26.11455,0.0,1.69692,0.0,0.0,9.81814,0.0,1.90955,0.0,0.0,17.3026,0.0,11.79075,0.0,0.0
397,Loner,20,30.86007,0.0,1.22903,0.0,0.0,3.35181,0.0,2.66012,0.0,0.0,43.08866,0.0,24.41717,0.0,0.0,18.01532,0.0,15.5571,0.0,0.0
398,Neither,20,8e-05,0.0,0.00696,0.0,0.0,0.31107,0.0,6.06943,0.0,0.0,591.11346,0.0,73.46598,0.0,0.0,66.12946,0.0,35.44249,0.0,0.0
399,Both,20,475.50989,0.0,4.81873,0.0,0.0,56.31293,0.0,1.36018,0.0,0.0,46.73778,0.0,1.08924,0.0,0.0,30.57791,0.0,4.89927,0.0,0.0
